"","player","country","club","position","age","matches_played","minutes_played","saves","fouls_committed","goals_conceded","claims","punches_made","clean_sheets","yellow_card","red_card","passes_completed","passes_total","goals","tackles","balls_recovered","clearances_completed","blocks","top_speed_km_h","distance_covered_km","total_attempts","assists","on_target","fouls_suffered"
"1","Kasper Schmeichel","Denmark","Leicester","Goalkeeper","34","5","450","8","0","5","4","2","1","0","0","85","119",NA,NA,NA,NA,NA,NA,NA,NA,NA,NA,NA
"2","Joachim Andersen","Denmark","Lyon","Defender","25","2","22",NA,"0",NA,NA,NA,NA,"0","0","9","9","0","1","3","2","0","24.3","3.4",NA,NA,NA,NA
"3","Jannik Vestergaard","Denmark","Southampton","Defender","28","5","381",NA,"6",NA,NA,NA,NA,"0","0","197","229","0","6","19","8","1","29.9","36.8",NA,NA,NA,NA
"4","Simon Kjær","Denmark","Milan","Defender","32","5","410",NA,"3",NA,NA,NA,NA,"0","0","184","212","0","12","35","13","3","29.5","38.9",NA,NA,NA,NA
"5","Joakim Mæhle","Denmark","Atalanta","Defender","24","5","450",NA,"3",NA,NA,NA,NA,"0","0","206","244","2","2","26","3","0","30.4","52.6",NA,NA,NA,NA
"6","Andreas Christensen","Denmark","Chelsea","Defender","25","5","441",NA,"4",NA,NA,NA,NA,"0","0","231","251","1","6","30","7","2","33.3","44.5",NA,NA,NA,NA
"7","Jens Stryger","Denmark","Udinese","Defender","30","5","220",NA,"0",NA,NA,NA,NA,"0","0","86","117","0","0","14","8","1","31.5","26.5",NA,NA,NA,NA
"8","Nicolai Boilesen","Denmark","Copenhagen","Defender","29","1","13",NA,"0",NA,NA,NA,NA,"0","0","1","2","0","0","0","0","0","23.2","1.9",NA,NA,NA,NA
"9","Thomas Delaney","Denmark","Dortmund","Midfielder","29","5","374",NA,"10",NA,NA,NA,NA,"1","0","176","209","1","9","21",NA,NA,"30.6","43.5","7","0",NA,NA
"10","Christian Eriksen","Denmark","Internazionale","Midfielder","29","1","43",NA,"0",NA,NA,NA,NA,"0","0","21","27","0","0","0",NA,NA,"28.6","5.1","2","0",NA,NA
"11","Christian Nørgaard","Denmark","Brentford","Midfielder","27","4","108",NA,"0",NA,NA,NA,NA,"0","0","60","68","0","1","11",NA,NA,"29.9","15.3","0","0",NA,NA
"12","Daniel Wass","Denmark","Valencia","Midfielder","32","4","217",NA,"2",NA,NA,NA,NA,"1","0","115","140","0","7","10",NA,NA,"30.8","25.1","4","0",NA,NA
"13","Pierre-Emile Højbjerg","Denmark","Tottenham","Midfielder","25","5","450",NA,"2",NA,NA,NA,NA,"0","0","291","340","0","2","28",NA,NA,"30.4","50.8","8","3",NA,NA
"14","Mathias Jensen","Denmark","Horsens","Midfielder","25","5","110",NA,"3",NA,NA,NA,NA,"1","0","86","101","0","2","3",NA,NA,"27","16.5","2","1",NA,NA
"15","Martin Braithwaite","Denmark","Barcelona","Forward","30","5","445",NA,"5",NA,NA,NA,NA,"0","0","123","157","1",NA,NA,NA,NA,"31.5",NA,"14","0","3","10"
"16","Andreas Skov Olsen","Denmark","Bologna","Forward","21","2","33",NA,"0",NA,NA,NA,NA,"0","0","17","20","0",NA,NA,NA,NA,"27.4",NA,"0","0","0","2"
"17","Kasper Dolberg","Denmark","Nice","Forward","23","3","158",NA,"5",NA,NA,NA,NA,"0","0","31","43","3",NA,NA,NA,NA,"30.6",NA,"6","0","4","5"
"18","Mikkel Damsgaard","Denmark","Sampdoria","Forward","21","4","263",NA,"4",NA,NA,NA,NA,"1","0","80","107","1",NA,NA,NA,NA,"29.5",NA,"7","1","3","6"
"19","Jonas Wind","Denmark","Copenhagen","Forward","22","1","63",NA,"0",NA,NA,NA,NA,"0","0","12","12","0",NA,NA,NA,NA,"31.5",NA,"4","0","1","0"
"20","Yussuf Poulsen","Denmark","Leipzig","Forward","27","4","242",NA,"5",NA,NA,NA,NA,"0","0","55","81","2",NA,NA,NA,NA,"30.6",NA,"7","0","4","4"
"21","Andreas Cornelius","Denmark","Atalanta","Forward","28","4","58",NA,"2",NA,NA,NA,NA,"0","0","18","25","0",NA,NA,NA,NA,"27.9",NA,"4","1","1","1"
"22","Jordan Pickford","England","Everton","Goalkeeper","27","5","450","9","0","0","19","4","5","0","0","120","158",NA,NA,NA,NA,NA,NA,NA,NA,NA,NA,NA
"23","Kyle Walker","England","Man. City","Defender","31","4","360",NA,"1",NA,NA,NA,NA,"0","0","209","230","0","0","29","12","1","32.8","36.1",NA,NA,NA,NA
"24","Luke Shaw","England","Man. United","Defender","25","4","335",NA,"6",NA,NA,NA,NA,"0","0","182","213","0","3","16","3","1","31","36.7",NA,NA,NA,NA
"25","John Stones","England","Man. City","Defender","27","5","439",NA,"1",NA,NA,NA,NA,"0","0","330","344","0","3","19","7","6","29.2","43.1",NA,NA,NA,NA
"26","Harry Maguire","England","Man. United","Defender","28","3","270",NA,"2",NA,NA,NA,NA,"1","0","200","210","1","3","10","13","2","30.6","27.7",NA,NA,NA,NA
"27","Kieran Trippier","England","Atlético","Defender","30","3","205",NA,"1",NA,NA,NA,NA,"0","0","106","129","0","4","13","1","0","29.7","23",NA,NA,NA,NA
"28","Tyrone Mings","England","Aston Villa","Defender","28","3","191",NA,"1",NA,NA,NA,NA,"0","0","119","131","0","4","10","7","1","30.6","19.4",NA,NA,NA,NA
"29","Reece James","England","Chelsea","Defender","21","1","90",NA,"0",NA,NA,NA,NA,"0","0","84","85","0","0","3","0","1","29.2","9",NA,NA,NA,NA
"30","Declan Rice","England","West Ham","Midfielder","22","5","369",NA,"5",NA,NA,NA,NA,"1","0","215","234","0","9","22",NA,NA,"30.4","43.2","1","0",NA,NA
"31","Jack Grealish","England","Aston Villa","Midfielder","25","3","115",NA,"4",NA,NA,NA,NA,"0","0","42","48","0","1","2",NA,NA,"29.2","14.4","0","2",NA,NA
"32","Jordan Henderson","England","Liverpool","Midfielder","31","3","81",NA,"1",NA,NA,NA,NA,"0","0","63","70","1","1","3",NA,NA,"28.6","10.9","1","0",NA,NA
"33","Kalvin Phillips","England","Leeds","Midfielder","25","5","425",NA,"9",NA,NA,NA,NA,"1","0","190","218","0","9","13",NA,NA,"30.2","52","1","1",NA,NA
"34","Jadon Sancho","England","Dortmund","Midfielder","21","2","96",NA,"1",NA,NA,NA,NA,"0","0","42","49","0","0","1",NA,NA,"30.4","11.7","0","0",NA,NA
"35","Mason Mount","England","Chelsea","Midfielder","22","3","270",NA,"2",NA,NA,NA,NA,"0","0","102","116","0","1","8",NA,NA,"31.5","29.8","5","1",NA,NA
"36","Phil Foden","England","Man. City","Midfielder","21","2","134",NA,"3",NA,NA,NA,NA,"1","0","46","54","0","0","0",NA,NA,"31.5","15.8","2","0",NA,NA
"37","Bukayo Saka","England","Arsenal","Midfielder","19","2","153",NA,"2",NA,NA,NA,NA,"0","0","41","54","0","0","2",NA,NA,"31.3","17.5","0","0",NA,NA
"38","Jude Bellingham","England","Dortmund","Midfielder","18","3","56",NA,"1",NA,NA,NA,NA,"0","0","20","24","0","2","2",NA,NA,"26.5","7.9","0","0",NA,NA
"39","Harry Kane","England","Tottenham","Forward","27","5","409",NA,"1",NA,NA,NA,NA,"0","0","64","92","3",NA,NA,NA,NA,"30.8",NA,"10","0","5","7"
"40","Raheem Sterling","England","Man. City","Forward","26","5","401",NA,"6",NA,NA,NA,NA,"0","0","106","130","3",NA,NA,NA,NA,"33.1",NA,"8","1","4","6"
"41","Marcus Rashford","England","Man. United","Forward","23","4","83",NA,"1",NA,NA,NA,NA,"0","0","31","39","0",NA,NA,NA,NA,"33.5",NA,"0","0","0","0"
"42","Dominic Calvert-Lewin","England","Everton","Forward","24","2","18",NA,"0",NA,NA,NA,NA,"0","0","2","2","0",NA,NA,NA,NA,"27.4",NA,"0","0","0","0"
"43","Salvatore Sirigu","Italy","Torino","Goalkeeper","34","1","1","0","0","0","0","0","1","0","0","2","2",NA,NA,NA,NA,NA,NA,NA,NA,NA,NA,NA
"44","Gianluigi Donnarumma","Italy","Milan","Goalkeeper","22","6","599","9","0","3","20","5","3","0","0","174","208",NA,NA,NA,NA,NA,NA,NA,NA,NA,NA,NA
"45","Giovanni Di Lorenzo","Italy","Napoli","Defender","27","5","465",NA,"11",NA,NA,NA,NA,"1","0","193","227","0","7","34","13","3","32.6","52.7",NA,NA,NA,NA
"46","Giorgio Chiellini","Italy","Juventus","Defender","36","4","324",NA,"2",NA,NA,NA,NA,"0","0","176","198","0","1","28","16","2","29","34.7",NA,NA,NA,NA
"47","Leonardo Spinazzola","Italy","Roma","Defender","28","4","379",NA,"1",NA,NA,NA,NA,"0","0","160","182","0","1","27","3","3","33.8","43.2",NA,NA,NA,NA
"48","Emerson","Italy","Chelsea","Defender","26","3","174",NA,"1",NA,NA,NA,NA,"0","0","60","70","0","1","0","0","0","30.6","20.5",NA,NA,NA,NA
"49","Francesco Acerbi","Italy","Lazio","Defender","33","3","231",NA,"0",NA,NA,NA,NA,"0","0","166","174","0","1","17","3","1","30.4","25.5",NA,NA,NA,NA
"50","Leonardo Bonucci","Italy","Juventus","Defender","34","6","555",NA,"1",NA,NA,NA,NA,"1","0","319","362","0","0","22","13","3","29.9","55",NA,NA,NA,NA
"51","Alessandro Bastoni","Italy","Internazionale","Defender","22","1","90",NA,"5",NA,NA,NA,NA,"0","0","79","82","0","1","2","1","0","24.5","8.9",NA,NA,NA,NA
"52","Alessandro Florenzi","Italy","Roma","Defender","30","1","45",NA,"2",NA,NA,NA,NA,"0","0","36","42","0","0","0","0","0","27.2","5.1",NA,NA,NA,NA
"53","Rafael Tolói","Italy","Atalanta","Defender","30","4","158",NA,"4",NA,NA,NA,NA,"1","0","70","79","0","2","9","0","0","30.8","18.5",NA,NA,NA,NA
"54","Manuel Locatelli","Italy","Sassuolo","Midfielder","23","4","248",NA,"6",NA,NA,NA,NA,"0","0","121","134","2","14","7",NA,NA,"27.9","31","4","0",NA,NA
"55","Marco Verratti","Italy","Paris","Midfielder","28","4","304",NA,"5",NA,NA,NA,NA,"1","0","285","304","0","21","24",NA,NA,"27.4","37.8","2","2",NA,NA
"56","Gaetano Castrovilli","Italy","Fiorentina","Midfielder","24","1","3",NA,"0",NA,NA,NA,NA,"0","0","3","3","0","0","0",NA,NA,"24.1","0.9","0","0",NA,NA
"57","Jorginho","Italy","Chelsea","Midfielder","29","6","585",NA,"6",NA,NA,NA,NA,"0","0","399","426","0","7","40",NA,NA,"27.7","72.3","0","0",NA,NA
"58","Matteo Pessina","Italy","Atalanta","Midfielder","24","4","191",NA,"2",NA,NA,NA,NA,"1","0","46","60","2","0","6",NA,NA,"30.2","25.9","3","0",NA,NA
"59","Federico Chiesa","Italy","Juventus","Midfielder","23","6","352",NA,"5",NA,NA,NA,NA,"0","0","64","83","2","1","4",NA,NA,"33.1","39","14","0",NA,NA
"60","Bryan Cristante","Italy","Roma","Midfielder","26","5","63",NA,"1",NA,NA,NA,NA,"0","0","36","42","0","0","3",NA,NA,"27.4","10.1","1","0",NA,NA
"61","Nicolò Barella","Italy","Internazionale","Midfielder","24","5","418",NA,"5",NA,NA,NA,NA,"1","0","176","212","1","7","10",NA,NA,"31","52.8","5","1",NA,NA
"62","Federico Bernardeschi","Italy","Juventus","Midfielder","27","3","93",NA,"0",NA,NA,NA,NA,"0","0","25","35","0","0","2",NA,NA,"29.9","11.1","3","0",NA,NA
"63","Andrea Belotti","Italy","Torino","Forward","27","5","186",NA,"2",NA,NA,NA,NA,"0","0","22","32","0",NA,NA,NA,NA,"30.2",NA,"7","0","2","11"
"64","Lorenzo Insigne","Italy","Napoli","Forward","30","5","422",NA,"0",NA,NA,NA,NA,"0","0","211","262","2",NA,NA,NA,NA,"30.8",NA,"14","0","6","1"
"65","Domenico Berardi","Italy","Sassuolo","Forward","26","5","309",NA,"6",NA,NA,NA,NA,"1","0","82","113","0",NA,NA,NA,NA,"31.5",NA,"13","2","2","5"
"66","Ciro Immobile","Italy","Lazio","Forward","31","5","390",NA,"6",NA,NA,NA,NA,"0","0","85","109","2",NA,NA,NA,NA,"31.7",NA,"17","1","3","3"
"67","Giacomo Raspadori","Italy","Sassuolo","Forward","21","1","15",NA,"1",NA,NA,NA,NA,"0","0","3","5","0",NA,NA,NA,NA,"25.2",NA,"1","0","0","0"
"68","Unai Simón","Spain","Athletic Club","Goalkeeper","24","6","630","9","0","6","22","1","2","0","0","206","220",NA,NA,NA,NA,NA,NA,NA,NA,NA,NA,NA
"69","César Azpilicueta","Spain","Chelsea","Defender","31","4","402",NA,"4",NA,NA,NA,NA,"0","0","257","289","1","2","25","4","1","30.6","42.3",NA,NA,NA,NA
"70","Pau Torres","Spain","Villarreal","Defender","24","6","372",NA,"2",NA,NA,NA,NA,"1","0","416","439","0","0","28","4","3","28.1","41.7",NA,NA,NA,NA
"71","Eric García","Spain","Man. City","Defender","20","3","251",NA,"2",NA,NA,NA,NA,"0","0","282","292","0","2","14","3","0","31","26.3",NA,NA,NA,NA
"72","José Gayà","Spain","Valencia","Defender","26","1","77",NA,"0",NA,NA,NA,NA,"0","0","44","48","0","0","4","1","0","31","7.4",NA,NA,NA,NA
"73","Jordi Alba","Spain","Barcelona","Defender","32","6","553",NA,"7",NA,NA,NA,NA,"1","0","465","544","0","4","33","7","0","31.5","64.2",NA,NA,NA,NA
"74","Aymeric Laporte","Spain","Man. City","Defender","27","6","630",NA,"9",NA,NA,NA,NA,"1","0","658","689","1","8","31","14","2","30.4","65.9",NA,NA,NA,NA
"75","Sergio Busquets","Spain","Barcelona","Midfielder","32","4","397",NA,"7",NA,NA,NA,NA,"2","0","300","326","0","14","29",NA,NA,"27","46.8","3","0",NA,NA
"76","Marcos Llorente","Spain","Atlético","Midfielder","26","4","246",NA,"5",NA,NA,NA,NA,"0","0","227","251","0","0","8",NA,NA,"33.3","27.7","4","0",NA,NA
"77","Koke","Spain","Atlético","Midfielder","29","6","481",NA,"6",NA,NA,NA,NA,"0","0","405","457","0","8","16",NA,NA,"27","61.7","7","0",NA,NA
"78","Thiago Alcántara","Spain","Liverpool","Midfielder","30","4","65",NA,"0",NA,NA,NA,NA,"0","0","73","87","0","2","8",NA,NA,"27","8.9","2","0",NA,NA
"79","Ferran Torres","Spain","Man. City","Midfielder","21","6","366",NA,"3",NA,NA,NA,NA,"0","0","115","143","2","2","9",NA,NA,"30.8","39.5","8","1",NA,NA
"80","Rodri","Spain","Man. City","Midfielder","25","5","226",NA,"3",NA,NA,NA,NA,"1","0","187","201","0","3","11",NA,NA,"27.2","29.1","3","0",NA,NA
"81","Fabián Ruiz","Spain","Napoli","Midfielder","25","3","68",NA,"1",NA,NA,NA,NA,"0","0","56","64","0","0","3",NA,NA,"28.8","11.1","1","0",NA,NA
"82","Dani Olmo","Spain","Leipzig","Midfielder","23","5","379",NA,"9",NA,NA,NA,NA,"0","0","149","194","0","1","6",NA,NA,"28.6","42.6","20","3",NA,NA
"83","Adama Traoré","Spain","Wolves","Midfielder","25","1","13",NA,"0",NA,NA,NA,NA,"0","0","13","15","0","0","0",NA,NA,"25","1.7","0","0",NA,NA
"84","Pablo Sarabia","Spain","Paris","Midfielder","29","5","252",NA,"1",NA,NA,NA,NA,"0","0","121","154","2","1","5",NA,NA,"27.4","30.8","8","2",NA,NA
"85","Álvaro Morata","Spain","Atlético","Forward","28","6","452",NA,"8",NA,NA,NA,NA,"0","0","114","144","3",NA,NA,NA,NA,"32",NA,"16","0","9","16"
"86","Gerard Moreno","Spain","Villarreal","Forward","29","5","277",NA,"2",NA,NA,NA,NA,"0","0","92","127","0",NA,NA,NA,NA,"28.1",NA,"15","2","5","6"
"87","Mikel Oyarzabal","Spain","Real Sociedad","Forward","24","6","164",NA,"0",NA,NA,NA,NA,"0","0","79","90","1",NA,NA,NA,NA,"32.2",NA,"9","0","4","1"
"88","Pedri","Spain","Barcelona","Forward","18","6","629",NA,"3",NA,NA,NA,NA,"0","0","429","465","0",NA,NA,NA,NA,"30.4",NA,"0","0","0","13"
"89","Thibaut Courtois","Belgium","Real Madrid","Goalkeeper","29","5","450","14","0","3","14","1","3","0","0","150","169",NA,NA,NA,NA,NA,NA,NA,NA,NA,NA,NA
"90","Toby Alderweireld","Belgium","Tottenham","Defender","32","4","360",NA,"2",NA,NA,NA,NA,"1","0","267","296","0","0","14","6","6","28.4","39.4",NA,NA,NA,NA
"91","Thomas Vermaelen","Belgium","Vissel Kobe","Defender","35","5","284",NA,"3",NA,NA,NA,NA,"1","0","181","192","0","9","23","8","6","29.2","30.2",NA,NA,NA,NA
"92","Dedryck Boyata","Belgium","Hertha","Defender","30","2","180",NA,"1",NA,NA,NA,NA,"0","0","175","180","0","0","13","4","0","28.1","18.1",NA,NA,NA,NA
"93","Jan Vertonghen","Belgium","Benfica","Defender","34","4","347",NA,"2",NA,NA,NA,NA,"0","0","290","316","0","2","30","13","2","32.6","34.2",NA,NA,NA,NA
"94","Thomas Meunier","Belgium","Dortmund","Defender","29","5","327",NA,"2",NA,NA,NA,NA,"0","0","132","182","1","6","23","6","1","31.7","43.1",NA,NA,NA,NA
"95","Jason Denayer","Belgium","Lyon","Defender","26","2","180",NA,"2",NA,NA,NA,NA,"0","0","152","161","0","1","10","2","5","31.7","19.4",NA,NA,NA,NA
"96","Timothy Castagne","Belgium","Leicester","Defender","25","1","27",NA,"1",NA,NA,NA,NA,"0","0","9","9","0","0","0","0","0","30.2","3.4",NA,NA,NA,NA
"97","Axel Witsel","Belgium","Dortmund","Midfielder","32","4","301",NA,"4",NA,NA,NA,NA,"0","0","198","206","0","3","14",NA,NA,"27.7","36.2","2","0",NA,NA
"98","Kevin De Bruyne","Belgium","Man. City","Midfielder","30","4","272",NA,"5",NA,NA,NA,NA,"0","0","134","173","1","3","3",NA,NA,"29.5","33","5","2",NA,NA
"99","Youri Tielemans","Belgium","Leicester","Midfielder","24","4","339",NA,"5",NA,NA,NA,NA,"1","0","185","216","0","11","16",NA,NA,"29.2","42.9","2","0",NA,NA
"100","Eden Hazard","Belgium","Real Madrid","Midfielder","30","4","226",NA,"1",NA,NA,NA,NA,"0","0","122","141","0","1","6",NA,NA,"29.7","27.3","5","1",NA,NA
"101","Yannick Carrasco","Belgium","Atlético","Midfielder","27","3","139",NA,"0",NA,NA,NA,NA,"0","0","39","48","0","0","2",NA,NA,"29.5","18.5","1","0",NA,NA
"102","Thorgan Hazard","Belgium","Dortmund","Midfielder","28","4","358",NA,"11",NA,NA,NA,NA,"1","0","210","242","2","9","19",NA,NA,"30.4","44.5","4","0",NA,NA
"103","Hans Vanaken","Belgium","Club Brugge","Midfielder","28","1","1",NA,"0",NA,NA,NA,NA,"0","0","2","2","0","0","1",NA,NA,"0","0.4","0","0",NA,NA
"104","Leander Dendoncker","Belgium","Wolves","Midfielder","26","3","150",NA,"5",NA,NA,NA,NA,"0","0","79","89","0","4","4",NA,NA,"27.7","19.7","1","0",NA,NA
"105","Nacer Chadli","Belgium","İstanbul Başakşehir","Midfielder","31","2","94",NA,"1",NA,NA,NA,NA,"0","0","54","67","0","0","3",NA,NA,"31.7","10.9","2","0",NA,NA
"106","Dennis Praet","Belgium","Leicester","Midfielder","27","2","30",NA,"1",NA,NA,NA,NA,"0","0","7","8","0","2","0",NA,NA,"26.6","4.4","0","0",NA,NA
"107","Romelu Lukaku","Belgium","Internazionale","Forward","28","5","444",NA,"6",NA,NA,NA,NA,"0","0","51","74","4",NA,NA,NA,NA,"31.3",NA,"13","0","6","3"
"108","Dries Mertens","Belgium","Napoli","Forward","34","4","180",NA,"5",NA,NA,NA,NA,"0","0","30","48","0",NA,NA,NA,NA,"29.9",NA,"1","1","1","1"
"109","Christian Benteke","Belgium","Crystal Palace","Forward","30","1","6",NA,"0",NA,NA,NA,NA,"0","0","4","5","0",NA,NA,NA,NA,"25.4",NA,"0","0","0","0"
"110","Michy Batshuayi","Belgium","Crystal Palace","Forward","27","1","15",NA,"2",NA,NA,NA,NA,"0","0","11","12","0",NA,NA,NA,NA,"27",NA,"0","0","0","0"
"111","Leandro Trossard","Belgium","Brighton","Forward","26","1","75",NA,"2",NA,NA,NA,NA,"0","0","41","49","0",NA,NA,NA,NA,"28.6",NA,"1","0","0","2"
"112","Jeremy Doku","Belgium","Rennes","Forward","19","2","165",NA,"2",NA,NA,NA,NA,"0","0","52","64","0",NA,NA,NA,NA,"32",NA,"3","0","1","5"
"113","Tomáš Vaclík","Czech Republic","Sevilla","Goalkeeper","32","5","450","14","0","4","11","1","2","0","0","87","136",NA,NA,NA,NA,NA,NA,NA,NA,NA,NA,NA
"114","Pavel Kadeřábek","Czech Republic","Hoffenheim","Defender","29","1","90",NA,"1",NA,NA,NA,NA,"0","0","32","42","0","2","4","4","0","29","9.1",NA,NA,NA,NA
"115","Ondřej Čelůstka","Czech Republic","Sparta Praha","Defender","32","5","425",NA,"4",NA,NA,NA,NA,"0","0","165","193","0","2","31","15","2","27.7","46.6",NA,NA,NA,NA
"116","Jakub Brabec","Czech Republic","Plzeň","Defender","28","1","25",NA,"0",NA,NA,NA,NA,"0","0","15","18","0","1","0","0","0","27.4","3.4",NA,NA,NA,NA
"117","Vladimír Coufal","Czech Republic","West Ham","Defender","28","5","450",NA,"4",NA,NA,NA,NA,"1","0","197","266","0","3","35","14","1","31.7","55.8",NA,NA,NA,NA
"118","Tomáš Kalas","Czech Republic","Bristol City","Defender","28","5","450",NA,"5",NA,NA,NA,NA,"1","0","178","210","0","4","29","25","8","33.1","44.8",NA,NA,NA,NA
"119","Jan Bořil","Czech Republic","Slavia Praha","Defender","30","4","360",NA,"8",NA,NA,NA,NA,"2","0","119","157","0","4","23","6","2","29","41.8",NA,NA,NA,NA
"120","Antonín Barák","Czech Republic","Verona","Midfielder","26","3","182",NA,"2",NA,NA,NA,NA,"0","0","84","100","0","1","9",NA,NA,"31","23.5","3","0",NA,NA
"121","Vladimír Darida","Czech Republic","Hertha","Midfielder","30","4","249",NA,"1",NA,NA,NA,NA,"0","0","103","133","0","6","9",NA,NA,"29","34","2","0",NA,NA
"122","Tomáš Holeš","Czech Republic","Slavia Praha","Midfielder","28","5","300",NA,"2",NA,NA,NA,NA,"0","0","81","102","1","9","16",NA,NA,"29.9","37","6","1",NA,NA
"123","Lukáš Masopust","Czech Republic","Slavia Praha","Midfielder","28","5","323",NA,"6",NA,NA,NA,NA,"1","0","88","110","0","4","12",NA,NA,"30.4","42.3","2","0",NA,NA
"124","Petr Ševčík","Czech Republic","Slavia Praha","Midfielder","27","5","228",NA,"0",NA,NA,NA,NA,"0","0","80","111","0","1","8",NA,NA,"29","30.1","1","0",NA,NA
"125","Jakub Jankto","Czech Republic","Sampdoria","Midfielder","25","5","247",NA,"1",NA,NA,NA,NA,"0","0","77","95","0","1","4",NA,NA,"31.5","31.6","3","0",NA,NA
"126","Tomáš Souček","Czech Republic","West Ham","Midfielder","26","5","450",NA,"8",NA,NA,NA,NA,"0","0","186","229","0","9","21",NA,NA,"28.6","57.8","11","0",NA,NA
"127","Alex Král","Czech Republic","Spartak Moskva","Midfielder","23","4","125",NA,"2",NA,NA,NA,NA,"0","0","49","73","0","2","9",NA,NA,"30.4","17.2","1","0",NA,NA
"128","Michal Sadílek","Czech Republic","PSV","Midfielder","22","1","1",NA,"0",NA,NA,NA,NA,"0","0","2","2","0","0","0",NA,NA,"23.4","0.7","0","0",NA,NA
"129","Patrik Schick","Czech Republic","Leverkusen","Forward","25","5","404",NA,"5",NA,NA,NA,NA,"0","0","73","102","5",NA,NA,NA,NA,"32.4",NA,"16","0","9","2"
"130","Michael Krmenčík","Czech Republic","Club Brugge","Forward","28","4","65",NA,"1",NA,NA,NA,NA,"1","0","8","12","0",NA,NA,NA,NA,"27",NA,"4","0","2","1"
"131","Adam Hložek","Czech Republic","Sparta Praha","Forward","18","4","76",NA,"1",NA,NA,NA,NA,"1","0","17","26","0",NA,NA,NA,NA,"26.8",NA,"1","0","0","0"
"132","Matěj Vydra","Czech Republic","Burnley","Forward","29","3","35",NA,"0",NA,NA,NA,NA,"0","0","8","10","0",NA,NA,NA,NA,"29",NA,"0","0","0","1"
"133","Tomáš Pekhart","Czech Republic","Legia","Forward","32","1","15",NA,"0",NA,NA,NA,NA,"0","0","2","4","0",NA,NA,NA,NA,"25.4",NA,"1","0","0","0"
"134","Yann Sommer","Switzerland","Mönchengladbach","Goalkeeper","32","5","510","21","0","9","14","5","0","0","0","141","179",NA,NA,NA,NA,NA,NA,NA,NA,NA,NA,NA
"135","Kevin Mbabu","Switzerland","Wolfsburg","Defender","26","5","216",NA,"4",NA,NA,NA,NA,"1","0","60","82","0","9","13","2","2","32.4","22.9",NA,NA,NA,NA
"136","Silvan Widmer","Switzerland","Basel","Defender","28","4","294",NA,"5",NA,NA,NA,NA,"1","0","112","137","0","7","15","3","1","32.2","34.3",NA,NA,NA,NA
"137","Nico Elvedi","Switzerland","Mönchengladbach","Defender","24","5","510",NA,"2",NA,NA,NA,NA,"1","0","222","242","0","9","25","23","2","30.2","49.9",NA,NA,NA,NA
"138","Manuel Akanji","Switzerland","Dortmund","Defender","25","5","510",NA,"4",NA,NA,NA,NA,"1","0","272","294","0","13","46","14","5","32.2","49.5",NA,NA,NA,NA
"139","Ricardo Rodríguez","Switzerland","Torino","Defender","28","5","477",NA,"2",NA,NA,NA,NA,"1","0","200","236","0","6","22","10","5","29.7","49.5",NA,NA,NA,NA
"140","Loris Benito","Switzerland","Bordeaux","Defender","29","1","5",NA,"0",NA,NA,NA,NA,"0","0","2","4","0","0","0","0","0","32.2","0.9",NA,NA,NA,NA
"141","Fabian Schär","Switzerland","Newcastle","Defender","29","4","190",NA,"3",NA,NA,NA,NA,"1","0","110","124","0","3","11","3","1","27","18",NA,NA,NA,NA
"142","Denis Zakaria","Switzerland","Mönchengladbach","Midfielder","24","2","124",NA,"3",NA,NA,NA,NA,"0","0","22","26","0","3","3",NA,NA,"31.7","14.6","2","0",NA,NA
"143","Remo Freuler","Switzerland","Atalanta","Midfielder","29","5","461",NA,"7",NA,NA,NA,NA,"0","1","238","259","0","6","21",NA,NA,"29.7","56.1","0","1",NA,NA
"144","Granit Xhaka","Switzerland","Arsenal","Midfielder","28","4","390",NA,"8",NA,NA,NA,NA,"2","0","285","310","0","10","26",NA,NA,"30.6","44.9","5","1",NA,NA
"145","Ruben Vargas","Switzerland","Augsburg","Midfielder","22","4","167",NA,"0",NA,NA,NA,NA,"0","0","45","59","0","1","6",NA,NA,"31.7","21.4","1","0",NA,NA
"146","Steven Zuber","Switzerland","Frankfurt","Midfielder","29","4","286",NA,"2",NA,NA,NA,NA,"0","0","97","121","0","5","3",NA,NA,"32","32.7","6","4",NA,NA
"147","Djibril Sow","Switzerland","Frankfurt","Midfielder","24","2","45",NA,"0",NA,NA,NA,NA,"0","0","8","14","0","0","4",NA,NA,"27.9","7.4","1","0",NA,NA
"148","Christian Fassnacht","Switzerland","Young Boys","Midfielder","27","2","72",NA,"2",NA,NA,NA,NA,"0","0","9","17","0","1","2",NA,NA,"32","10.1","0","0",NA,NA
"149","Xherdan Shaqiri","Switzerland","Liverpool","Midfielder","29","5","371",NA,"5",NA,NA,NA,NA,"0","0","120","150","3","0","5",NA,NA,"29.5","42.3","12","1",NA,NA
"150","Breel Embolo","Switzerland","Mönchengladbach","Forward","24","5","367",NA,"3",NA,NA,NA,NA,"1","0","90","110","1",NA,NA,NA,NA,"32.8",NA,"11","0","4","9"
"151","Haris Seferović","Switzerland","Benfica","Forward","29","5","382",NA,"8",NA,NA,NA,NA,"0","0","70","94","3",NA,NA,NA,NA,"32.4",NA,"13","0","5","3"
"152","Admir Mehmedi","Switzerland","Wolfsburg","Forward","30","2","38",NA,"1",NA,NA,NA,NA,"0","0","19","23","0",NA,NA,NA,NA,"26.3",NA,"2","0","1","1"
"153","Mario Gavranović","Switzerland","Dinamo Zagreb","Forward","31","5","152",NA,"4",NA,NA,NA,NA,"2","0","24","34","1",NA,NA,NA,NA,"26.3",NA,"1","0","1","2"
"154","Georgiy Bushchan","Ukraine","Dynamo Kyiv","Goalkeeper","27","5","480","15","0","10","16","3","0","0","0","99","136",NA,NA,NA,NA,NA,NA,NA,NA,NA,NA,NA
"155","Eduard Sobol","Ukraine","Club Brugge","Defender","26","1","1",NA,"0",NA,NA,NA,NA,"0","0","0","0","0","0","0","0","0","25.9","0.6",NA,NA,NA,NA
"156","Serhiy Kryvtsov","Ukraine","Shakhtar Donetsk","Defender","30","2","155",NA,"1",NA,NA,NA,NA,"0","0","103","108","0","1","8","8","1","22.1","16.1",NA,NA,NA,NA
"157","Illia Zabarnyi","Ukraine","Dynamo Kyiv","Defender","18","5","480",NA,"2",NA,NA,NA,NA,"0","0","302","331","0","2","30","10","6","28.8","49.9",NA,NA,NA,NA
"158","Vitaliy Mykolenko","Ukraine","Dynamo Kyiv","Defender","22","4","355",NA,"0",NA,NA,NA,NA,"0","0","157","178","0","6","17","11","0","31.5","37.9",NA,NA,NA,NA
"159","Oleksandr Zinchenko","Ukraine","Man. City","Defender","24","5","480",NA,"2",NA,NA,NA,NA,"0","0","231","273","1","3","19","9","1","29","53.9",NA,NA,NA,NA
"160","Oleksandr Karavaev","Ukraine","Dynamo Kyiv","Defender","29","5","480",NA,"2",NA,NA,NA,NA,"0","0","200","247","0","8","33","5","0","31.3","52.9",NA,NA,NA,NA
"161","Mykola Matviyenko","Ukraine","Shakhtar Donetsk","Defender","25","5","480",NA,"4",NA,NA,NA,NA,"0","0","360","389","0","6","44","24","7","30.2","49.4",NA,NA,NA,NA
"162","Serhiy Sydorchuk","Ukraine","Dynamo Kyiv","Midfielder","30","5","374",NA,"5",NA,NA,NA,NA,"1","0","178","199","0","4","15",NA,NA,"30.4","43.5","2","0",NA,NA
"163","Taras Stepanenko","Ukraine","Shakhtar Donetsk","Midfielder","31","2","185",NA,"3",NA,NA,NA,NA,"0","0","83","97","0","5","14",NA,NA,"25.6","22.9","2","0",NA,NA
"164","Ruslan Malinovskyi","Ukraine","Atalanta","Midfielder","28","4","283",NA,"5",NA,NA,NA,NA,"0","0","97","119","0","5","7",NA,NA,"30.8","31.1","10","1",NA,NA
"165","Mykola Shaparenko","Ukraine","Dynamo Kyiv","Midfielder","22","5","323",NA,"3",NA,NA,NA,NA,"1","0","207","224","0","13","11",NA,NA,"28.8","40.2","3","0",NA,NA
"166","Marlos","Ukraine","Shakhtar Donetsk","Midfielder","33","2","73",NA,"0",NA,NA,NA,NA,"0","0","27","31","0","0","0",NA,NA,"24.8","8.7","0","0",NA,NA
"167","Yevhen Makarenko","Ukraine","Kortrijk","Midfielder","30","2","51",NA,"0",NA,NA,NA,NA,"0","0","46","49","0","1","6",NA,NA,"24.8","6.1","1","0",NA,NA
"168","Viktor Tsygankov","Ukraine","Dynamo Kyiv","Midfielder","23","4","139",NA,"3",NA,NA,NA,NA,"0","0","63","80","0","2","1",NA,NA,"29.7","18.4","1","0",NA,NA
"169","Roman Bezus","Ukraine","Gent","Midfielder","30","1","2",NA,"0",NA,NA,NA,NA,"0","0","1","1","0","1","0",NA,NA,"29","0.7","0","0",NA,NA
"170","Oleksandr Zubkov","Ukraine","Ferencváros","Midfielder","24","1","13",NA,"1",NA,NA,NA,NA,"0","0","4","4","0","0","0",NA,NA,"0","1","0","0",NA,NA
"171","Andriy Yarmolenko","Ukraine","West Ham","Forward","31","5","445",NA,"5",NA,NA,NA,NA,"1","0","117","152","2",NA,NA,NA,NA,"30.4",NA,"10","2","5","7"
"172","Roman Yaremchuk","Ukraine","Gent","Forward","25","5","430",NA,"7",NA,NA,NA,NA,"0","0","99","117","2",NA,NA,NA,NA,"30.8",NA,"12","1","6","1"
"173","Artem Besedin","Ukraine","Dynamo Kyiv","Forward","25","3","36",NA,"0",NA,NA,NA,NA,"0","0","8","10","0",NA,NA,NA,NA,"29.5",NA,"0","0","0","2"
"174","Artem Dovbyk","Ukraine","Dnipro-1","Forward","24","1","15",NA,"1",NA,NA,NA,NA,"1","0","3","4","1",NA,NA,NA,NA,"25.4",NA,"2","0","1","0"
"175","Daniel Bachmann","Austria","Watford","Goalkeeper","26","4","390","8","0","5","15","2","1","1","0","120","153",NA,NA,NA,NA,NA,NA,NA,NA,NA,NA,NA
"176","Andreas Ulmer","Austria","Salzburg","Defender","35","2","180",NA,"0",NA,NA,NA,NA,"0","0","59","81","0","0","4","2","1","30.4","20.7",NA,NA,NA,NA
"177","Aleksandar Dragović","Austria","Leverkusen","Defender","30","4","339",NA,"5",NA,NA,NA,NA,"1","0","214","241","0","6","27","10","5","29.7","34.1",NA,NA,NA,NA
"178","Martin Hinteregger","Austria","Frankfurt","Defender","28","4","390",NA,"7",NA,NA,NA,NA,"1","0","238","276","0","9","32","8","3","32.4","40.5",NA,NA,NA,NA
"179","David Alaba","Austria","Bayern","Defender","29","4","390",NA,"3",NA,NA,NA,NA,"1","0","261","322","0","5","25","11","0","30.6","43.4",NA,NA,NA,NA
"180","Philipp Lienhart","Austria","Freiburg","Defender","24","2","51",NA,"0",NA,NA,NA,NA,"0","0","37","43","0","0","2","0","0","27","6.7",NA,NA,NA,NA
"181","Stefan Lainer","Austria","Mönchengladbach","Defender","28","4","384",NA,"3",NA,NA,NA,NA,"1","0","137","194","1","14","27","15","1","31.7","44.9",NA,NA,NA,NA
"182","Stefan Ilsanker","Austria","Frankfurt","Midfielder","32","3","25",NA,"1",NA,NA,NA,NA,"0","0","13","16","0","1","4",NA,NA,"31","3.7","0","0",NA,NA
"183","Marcel Sabitzer","Austria","Leipzig","Midfielder","27","4","390",NA,"7",NA,NA,NA,NA,"0","0","205","235","0","6","15",NA,NA,"31.5","48.7","12","1",NA,NA
"184","Florian Grillitsch","Austria","Hoffenheim","Midfielder","25","3","224",NA,"2",NA,NA,NA,NA,"0","0","153","172","0","8","14",NA,NA,"28.8","27.8","1","0",NA,NA
"185","Julian Baumgartlinger","Austria","Leverkusen","Midfielder","33","1","1",NA,"0",NA,NA,NA,NA,"0","0","2","2","0","0","0",NA,NA,"15.7","0.3","0","0",NA,NA
"186","Christopher Trimmel","Austria","Union Berlin","Midfielder","34","1","6",NA,"0",NA,NA,NA,NA,"0","0","3","3","0","0","2",NA,NA,"28.6","1","0","0",NA,NA
"187","Louis Schaub","Austria","Luzern","Midfielder","26","1","15",NA,"0",NA,NA,NA,NA,"0","0","5","7","0","0","0",NA,NA,"25.6","1.8","2","1",NA,NA
"188","Alessandro Schöpf","Austria","Schalke","Midfielder","27","2","88",NA,"1",NA,NA,NA,NA,"0","0","37","43","0","1","4",NA,NA,"29.7","12.7","1","0",NA,NA
"189","Christoph Baumgartner","Austria","Hoffenheim","Midfielder","21","4","250",NA,"5",NA,NA,NA,NA,"0","0","68","94","1","2","12",NA,NA,"29.9","28.1","4","0",NA,NA
"190","Karim Onisiwo","Austria","Mainz","Midfielder","29","1","6",NA,"0",NA,NA,NA,NA,"0","0","1","1","0","0","0",NA,NA,"29.9","1.4","1","0",NA,NA
"191","Valentino Lazaro","Austria","Mönchengladbach","Midfielder","25","1","20",NA,"0",NA,NA,NA,NA,"0","0","14","15","0","0","1",NA,NA,"29.7","3","0","0",NA,NA
"192","Xaver Schlager","Austria","Wolfsburg","Midfielder","23","4","368",NA,"3",NA,NA,NA,NA,"0","0","129","160","0","6","22",NA,NA,"30.4","42.8","5","0",NA,NA
"193","Konrad Laimer","Austria","Leipzig","Midfielder","24","4","336",NA,"11",NA,NA,NA,NA,"0","0","89","121","0","5","10",NA,NA,"32.4","39.4","2","1",NA,NA
"194","Marko Arnautović","Austria","Shanghai SIPG","Forward","32","3","217",NA,"5",NA,NA,NA,NA,"1","0","45","63","1",NA,NA,NA,NA,"31.5",NA,"8","0","3","3"
"195","Michael Gregoritsch","Austria","Augsburg","Forward","27","3","108",NA,"1",NA,NA,NA,NA,"0","0","22","26","1",NA,NA,NA,NA,"28.8",NA,"3","0","2","3"
"196","Sasa Kalajdzic","Austria","Stuttgart","Forward","24","4","112",NA,"1",NA,NA,NA,NA,"0","0","30","38","1",NA,NA,NA,NA,"27.2",NA,"5","0","2","0"
"197","Dominik Livaković","Croatia","Dinamo Zagreb","Goalkeeper","26","4","390","10","0","8","14","3","0","0","0","97","121",NA,NA,NA,NA,NA,NA,NA,NA,NA,NA,NA
"198","Šime Vrsaljko","Croatia","Atlético","Defender","29","2","180",NA,"2",NA,NA,NA,NA,"0","0","70","91","0","5","11","6","1","30.2","19.1",NA,NA,NA,NA
"199","Borna Barišić","Croatia","Rangers","Defender","28","1","20",NA,"0",NA,NA,NA,NA,"0","0","10","13","0","0","1","1","0","23.2","2.5",NA,NA,NA,NA
"200","Duje Ćaleta-Car","Croatia","Marseille","Defender","24","2","210",NA,"6",NA,NA,NA,NA,"2","0","92","97","0","2","16","8","0","29.2","20.6",NA,NA,NA,NA
"201","Dejan Lovren","Croatia","Zenit","Defender","32","2","180",NA,"3",NA,NA,NA,NA,"2","0","100","111","0","2","13","11","2","26.6","17.6",NA,NA,NA,NA
"202","Domagoj Vida","Croatia","Beşiktaş","Defender","32","4","390",NA,"5",NA,NA,NA,NA,"0","0","168","179","0","4","25","9","3","32","37.2",NA,NA,NA,NA
"203","Josip Juranović","Croatia","Legia","Defender","25","2","163",NA,"0",NA,NA,NA,NA,"0","0","69","78","0","0","6","3","0","32.2","16.7",NA,NA,NA,NA
"204","Joško Gvardiol","Croatia","Dinamo Zagreb","Defender","19","4","370",NA,"4",NA,NA,NA,NA,"0","0","140","170","0","8","20","7","1","33.3","38.3",NA,NA,NA,NA
"205","Ivan Perišić","Croatia","Internazionale","Midfielder","32","3","261",NA,"1",NA,NA,NA,NA,"0","0","62","85","2","2","5",NA,NA,"31.5","27.1","7","1",NA,NA
"206","Mateo Kovačić","Croatia","Chelsea","Midfielder","27","4","341",NA,"4",NA,NA,NA,NA,"1","0","197","226","0","4","14",NA,NA,"29.7","37.4","4","1",NA,NA
"207","Luka Modrić","Croatia","Real Madrid","Midfielder","35","4","384",NA,"3",NA,NA,NA,NA,"0","0","258","286","1","6","14",NA,NA,"27.9","39.3","3","1",NA,NA
"208","Marcelo Brozović","Croatia","Internazionale","Midfielder","28","4","283",NA,"7",NA,NA,NA,NA,"2","0","203","221","0","10","11",NA,NA,"27","37.1","1","0",NA,NA
"209","Nikola Vlašić","Croatia","CSKA Moskva","Midfielder","23","4","203",NA,"2",NA,NA,NA,NA,"0","0","49","58","1","0","3",NA,NA,"30.6","22.4","3","0",NA,NA
"210","Mario Pašalić","Croatia","Atalanta","Midfielder","26","2","46",NA,"0",NA,NA,NA,NA,"0","0","23","24","1","1","2",NA,NA,"31.5","7.4","3","0",NA,NA
"211","Luka Ivanušec","Croatia","Dinamo Zagreb","Midfielder","22","3","65",NA,"0",NA,NA,NA,NA,"0","0","18","23","0","0","1",NA,NA,"29","8.9","1","0",NA,NA
"212","Josip Brekalo","Croatia","Wolfsburg","Forward","23","3","112",NA,"2",NA,NA,NA,NA,"0","0","34","43","0",NA,NA,NA,NA,"28.4",NA,"0","0","0","0"
"213","Andrej Kramarić","Croatia","Hoffenheim","Forward","30","4","227",NA,"0",NA,NA,NA,NA,"0","0","54","61","0",NA,NA,NA,NA,"29.9",NA,"4","1","2","3"
"214","Ante Budimir","Croatia","Osasuna","Forward","29","1","41",NA,"2",NA,NA,NA,NA,"0","0","6","7","0",NA,NA,NA,NA,"28.8",NA,"2","0","0","0"
"215","Ante Rebić","Croatia","Milan","Forward","27","4","199",NA,"7",NA,NA,NA,NA,"0","0","23","42","0",NA,NA,NA,NA,"31.3",NA,"5","0","1","1"
"216","Mislav Oršić","Croatia","Dinamo Zagreb","Forward","28","1","53",NA,"1",NA,NA,NA,NA,"0","0","8","16","1",NA,NA,NA,NA,"29",NA,"2","1","1","0"
"217","Bruno Petković","Croatia","Dinamo Zagreb","Forward","26","4","172",NA,"4",NA,NA,NA,NA,"0","0","36","50","0",NA,NA,NA,NA,"27.9",NA,"2","0","0","7"
"218","Hugo Lloris","France","Tottenham","Goalkeeper","34","4","390","8","1","6","14","0","1","1","0","91","108",NA,NA,NA,NA,NA,NA,NA,NA,NA,NA,NA
"219","Benjamin Pavard","France","Bayern","Defender","25","3","300",NA,"5",NA,NA,NA,NA,"2","0","161","179","0","7","13","4","0","31","34.6",NA,NA,NA,NA
"220","Presnel Kimpembe","France","Paris","Defender","25","4","390",NA,"6",NA,NA,NA,NA,"1","0","270","288","0","9","26","4","0","31.5","37.2",NA,NA,NA,NA
"221","Raphaël Varane","France","Real Madrid","Defender","28","4","390",NA,"2",NA,NA,NA,NA,"1","0","271","288","0","4","23","15","2","32.6","40.8",NA,NA,NA,NA
"222","Clément Lenglet","France","Barcelona","Defender","26","1","45",NA,"0",NA,NA,NA,NA,"0","0","45","46","0","0","4","2","1","23.9","4.7",NA,NA,NA,NA
"223","Lucas Digne","France","Everton","Defender","27","2","97",NA,"2",NA,NA,NA,NA,"0","0","56","67","0","0","6","0","0","28.1","10.8",NA,NA,NA,NA
"224","Lucas Hernández","France","Bayern","Defender","25","2","135",NA,"3",NA,NA,NA,NA,"1","0","61","67","0","1","2","8","0","26.6","14.7",NA,NA,NA,NA
"225","Jules Koundé","France","Sevilla","Defender","22","1","90",NA,"2",NA,NA,NA,NA,"0","0","36","43","0","1","4","1","0","29.9","9.8",NA,NA,NA,NA
"226","Paul Pogba","France","Man. United","Midfielder","28","4","376",NA,"7",NA,NA,NA,NA,"0","0","249","280","1","7","11",NA,NA,"29.5","41.8","8","1",NA,NA
"227","Thomas Lemar","France","Atlético","Midfielder","25","1","3",NA,"0",NA,NA,NA,NA,"0","0","6","7","0","0","0",NA,NA,"23.2","0.8","0","0",NA,NA
"228","Corentin Tolisso","France","Bayern","Midfielder","26","3","81",NA,"1",NA,NA,NA,NA,"0","0","63","65","0","1","3",NA,NA,"28.8","10.5","1","0",NA,NA
"229","N'Golo Kanté","France","Chelsea","Midfielder","30","4","390",NA,"8",NA,NA,NA,NA,"0","0","234","251","0","10","25",NA,NA,"28.8","46.2","1","0",NA,NA
"230","Adrien Rabiot","France","Juventus","Midfielder","26","4","304",NA,"7",NA,NA,NA,NA,"0","0","168","190","0","1","20",NA,NA,"30.6","35.2","3","0",NA,NA
"231","Moussa Sissoko","France","Tottenham","Midfielder","31","2","35",NA,"0",NA,NA,NA,NA,"0","0","12","16","0","0","0",NA,NA,"31.5","4.4","1","0",NA,NA
"232","Kingsley Coman","France","Bayern","Midfielder","25","2","90",NA,"1",NA,NA,NA,NA,"1","0","32","41","0","0","3",NA,NA,"33.7","10","4","0",NA,NA
"233","Antoine Griezmann","France","Barcelona","Forward","30","4","355",NA,"2",NA,NA,NA,NA,"1","0","158","187","1",NA,NA,NA,NA,"30.2",NA,"7","1","3","5"
"234","Olivier Giroud","France","Chelsea","Forward","34","2","40",NA,"1",NA,NA,NA,NA,"0","0","7","9","0",NA,NA,NA,NA,"28.8",NA,"2","0","1","0"
"235","Kylian Mbappé","France","Paris","Forward","22","4","390",NA,"2",NA,NA,NA,NA,"0","0","88","110","0",NA,NA,NA,NA,"32.2",NA,"14","1","3","4"
"236","Ousmane Dembélé","France","Barcelona","Forward","24","2","31",NA,"0",NA,NA,NA,NA,"0","0","6","11","0",NA,NA,NA,NA,"28.1",NA,"1","0","0","1"
"237","Karim Benzema","France","Real Madrid","Forward","33","4","349",NA,"0",NA,NA,NA,NA,"0","0","117","134","4",NA,NA,NA,NA,"29.5",NA,"11","0","5","0"
"238","Marcus Thuram","France","Mönchengladbach","Forward","23","1","9",NA,"1",NA,NA,NA,NA,"0","0","2","3","0",NA,NA,NA,NA,"23.8",NA,"0","0","0","0"
"239","Manuel Neuer","Germany","Bayern","Goalkeeper","35","4","360","5","0","7","9","1","0","0","0","126","144",NA,NA,NA,NA,NA,NA,NA,NA,NA,NA,NA
"240","Antonio Rüdiger","Germany","Chelsea","Defender","28","4","360",NA,"3",NA,NA,NA,NA,"0","0","285","299","0","3","17","10","0","31","35.6",NA,NA,NA,NA
"241","Marcel Halstenberg","Germany","Leipzig","Defender","29","1","28",NA,"0",NA,NA,NA,NA,"0","0","5","6","0","0","1","0","0","28.8","3.3",NA,NA,NA,NA
"242","Matthias Ginter","Germany","Mönchengladbach","Defender","27","4","347",NA,"4",NA,NA,NA,NA,"2","0","268","296","0","8","22","7","2","30.8","35",NA,NA,NA,NA
"243","Mats Hummels","Germany","Dortmund","Defender","32","4","332",NA,"1",NA,NA,NA,NA,"0","0","301","312","0","8","26","15","2","27.9","33.6",NA,NA,NA,NA
"244","Niklas Süle","Germany","Bayern","Defender","25","1","17",NA,"0",NA,NA,NA,NA,"0","0","8","8","0","0","1","2","0","26.5","2.1",NA,NA,NA,NA
"245","Robin Gosens","Germany","Atalanta","Defender","27","4","319",NA,"3",NA,NA,NA,NA,"1","0","141","167","1","9","11","8","0","30.4","37.7",NA,NA,NA,NA
"246","Emre Can","Germany","Dortmund","Defender","27","3","33",NA,"0",NA,NA,NA,NA,"0","0","41","44","0","1","3","1","0","27","5",NA,NA,NA,NA
"247","Joshua Kimmich","Germany","Bayern","Midfielder","26","4","360",NA,"2",NA,NA,NA,NA,"1","0","206","243","0","3","11",NA,NA,"30.2","44.6","1","2",NA,NA
"248","Toni Kroos","Germany","Real Madrid","Midfielder","31","4","360",NA,"6",NA,NA,NA,NA,"0","0","353","390","0","10","24",NA,NA,"26.8","41.2","4","0",NA,NA
"249","Serge Gnabry","Germany","Bayern","Midfielder","25","4","249",NA,"4",NA,NA,NA,NA,"0","0","62","78","0","6","6",NA,NA,"30.8","27.1","4","0",NA,NA
"250","Jamal Musiala","Germany","Bayern","Midfielder","18","2","9",NA,"0",NA,NA,NA,NA,"0","0","5","5","0","1","1",NA,NA,"22.9","1.9","0","0",NA,NA
"251","Leon Goretzka","Germany","Bayern","Midfielder","26","3","139",NA,"3",NA,NA,NA,NA,"0","0","71","77","1","4","6",NA,NA,"29.5","16.5","5","0",NA,NA
"252","Leroy Sané","Germany","Bayern","Midfielder","25","4","112",NA,"1",NA,NA,NA,NA,"1","0","51","63","0","0","1",NA,NA,"32.2","14","1","0",NA,NA
"253","İlkay Gündoğan","Germany","Man. City","Midfielder","30","3","221",NA,"3",NA,NA,NA,NA,"1","0","178","191","0","1","10",NA,NA,"30.4","26.3","1","0",NA,NA
"254","Kai Havertz","Germany","Chelsea","Forward","22","4","304",NA,"9",NA,NA,NA,NA,"1","0","99","120","2",NA,NA,NA,NA,"29.9",NA,"11","0","5","5"
"255","Kevin Volland","Germany","Monaco","Forward","28","2","10",NA,"0",NA,NA,NA,NA,"0","0","6","8","0",NA,NA,NA,NA,"29.2",NA,"0","0","0","0"
"256","Timo Werner","Germany","Chelsea","Forward","25","3","108",NA,"0",NA,NA,NA,NA,"0","0","24","32","0",NA,NA,NA,NA,"27.4",NA,"2","0","1","0"
"257","Thomas Müller","Germany","Bayern","Forward","31","4","292",NA,"3",NA,NA,NA,NA,"0","0","111","139","0",NA,NA,NA,NA,"29.5",NA,"6","0","1","3"
"258","Maarten Stekelenburg","Netherlands","Ajax","Goalkeeper","38","4","360","8","0","4","6","0","2","0","0","93","131",NA,NA,NA,NA,NA,NA,NA,NA,NA,NA,NA
"259","Joël Veltman","Netherlands","Brighton","Defender","29","1","2",NA,"0",NA,NA,NA,NA,"0","0","7","8","0","0","1","0","0","23.2","0.8",NA,NA,NA,NA
"260","Matthijs de Ligt","Netherlands","Juventus","Defender","21","3","232",NA,"3",NA,NA,NA,NA,"0","1","128","139","0","3","18","8","2","30.6","26.4",NA,NA,NA,NA
"261","Nathan Aké","Netherlands","Man. City","Defender","26","2","52",NA,"0",NA,NA,NA,NA,"0","0","33","35","0","1","2","2","0","26.3","6.5",NA,NA,NA,NA
"262","Owen Wijndal","Netherlands","AZ Alkmaar","Defender","21","2","52",NA,"1",NA,NA,NA,NA,"0","0","17","22","0","0","1","1","0","29.5","7.2",NA,NA,NA,NA
"263","Stefan de Vrij","Netherlands","Internazionale","Defender","29","4","315",NA,"4",NA,NA,NA,NA,"0","0","176","201","0","3","38","7","2","29.7","33.2",NA,NA,NA,NA
"264","Patrick van Aanholt","Netherlands","Crystal Palace","Defender","30","4","299",NA,"4",NA,NA,NA,NA,"0","0","120","156","0","1","13","2","0","32.6","32.5",NA,NA,NA,NA
"265","Daley Blind","Netherlands","Ajax","Defender","31","4","299",NA,"1",NA,NA,NA,NA,"0","0","281","312","0","4","29","7","1","29","30.9",NA,NA,NA,NA
"266","Denzel Dumfries","Netherlands","PSV","Defender","25","4","315",NA,"3",NA,NA,NA,NA,"1","0","66","90","2","3","6","0","1","32.8","35.8",NA,NA,NA,NA
"267","Georginio Wijnaldum","Netherlands","Liverpool","Midfielder","30","4","360",NA,"4",NA,NA,NA,NA,"0","0","107","120","3","2","17",NA,NA,"31.3","41.2","10","0",NA,NA
"268","Quincy Promes","Netherlands","Spartak Moskva","Midfielder","29","2","57",NA,"2",NA,NA,NA,NA,"0","0","31","40","0","0","0",NA,NA,"31","7.7","1","0",NA,NA
"269","Marten de Roon","Netherlands","Atalanta","Midfielder","30","3","237",NA,"2",NA,NA,NA,NA,"1","0","131","158","0","3","16",NA,NA,"29.5","26.6","1","0",NA,NA
"270","Ryan Gravenberch","Netherlands","Ajax","Midfielder","19","2","106",NA,"0",NA,NA,NA,NA,"0","0","80","96","0","1","6",NA,NA,"30.4","13.5","2","0",NA,NA
"271","Frenkie de Jong","Netherlands","Barcelona","Midfielder","24","4","348",NA,"2",NA,NA,NA,NA,"1","0","239","271","0","7","24",NA,NA,"29","40.8","0","0",NA,NA
"272","Jurriën Timber","Netherlands","Ajax","Midfielder","20","3","142",NA,"1",NA,NA,NA,NA,"0","0","105","112","0","1","16",NA,NA,"28.4","15","1","0",NA,NA
"273","Steven Berghuis","Netherlands","Feyenoord","Forward","29","2","54",NA,"1",NA,NA,NA,NA,"0","0","18","32","0",NA,NA,NA,NA,"29.5",NA,"1","0","0","2"
"274","Luuk de Jong","Netherlands","Sevilla","Forward","30","2","10",NA,"0",NA,NA,NA,NA,"0","0","9","12","0",NA,NA,NA,NA,"26.8",NA,"0","0","0","1"
"275","Memphis Depay","Netherlands","Lyon","Forward","27","4","327",NA,"3",NA,NA,NA,NA,"0","0","126","171","2",NA,NA,NA,NA,"30.8",NA,"12","2","4","8"
"276","Donyell Malen","Netherlands","PSV","Forward","22","4","150",NA,"1",NA,NA,NA,NA,"0","0","45","53","0",NA,NA,NA,NA,"31.3",NA,"3","2","0","3"
"277","Wout Weghorst","Netherlands","Wolfsburg","Forward","28","4","193",NA,"7",NA,NA,NA,NA,"0","0","33","51","1",NA,NA,NA,NA,"29.2",NA,"6","0","2","2"
"278","Cody Gakpo","Netherlands","PSV","Forward","22","1","12",NA,"1",NA,NA,NA,NA,"0","0","4","6","0",NA,NA,NA,NA,"33.6",NA,"0","0","0","0"
"279","Rui Patrício","Portugal","Wolves","Goalkeeper","33","4","360","11","0","7","13","1","1","0","0","82","99",NA,NA,NA,NA,NA,NA,NA,NA,NA,NA,NA
"280","Nélson Semedo","Portugal","Wolves","Defender","27","3","259",NA,"3",NA,NA,NA,NA,"0","0","123","146","0","5","15","3","1","32","26.8",NA,NA,NA,NA
"281","Pepe","Portugal","Porto","Defender","38","4","360",NA,"2",NA,NA,NA,NA,"1","0","253","282","0","4","28","7","0","30.6","37.1",NA,NA,NA,NA
"282","Rúben Dias","Portugal","Man. City","Defender","24","4","360",NA,"4",NA,NA,NA,NA,"1","0","304","327","0","5","24","7","2","31.3","39.3",NA,NA,NA,NA
"283","Raphaël Guerreiro","Portugal","Dortmund","Defender","27","4","360",NA,"2",NA,NA,NA,NA,"0","0","226","252","1","4","18","1","0","26.6","39.9",NA,NA,NA,NA
"284","Diogo Dalot","Portugal","Man. United","Defender","22","2","101",NA,"1",NA,NA,NA,NA,"1","0","61","72","0","2","6","0","1","28.6","11.2",NA,NA,NA,NA
"285","João Moutinho","Portugal","Wolves","Midfielder","34","4","154",NA,"1",NA,NA,NA,NA,"0","0","104","111","0","4","5",NA,NA,"23.6","19.1","3","0",NA,NA
"286","Bernardo Silva","Portugal","Man. City","Midfielder","26","4","243",NA,"5",NA,NA,NA,NA,"0","0","88","108","0","9","15",NA,NA,"29","27.9","0","0",NA,NA
"287","Bruno Fernandes","Portugal","Man. United","Midfielder","26","4","206",NA,"1",NA,NA,NA,NA,"0","0","79","100","0","0","3",NA,NA,"29","23.9","4","0",NA,NA
"288","Danilo","Portugal","Paris","Midfielder","29","4","237",NA,"4",NA,NA,NA,NA,"0","0","125","133","0","2","14",NA,NA,"27","26.7","1","0",NA,NA
"289","William Carvalho","Portugal","Betis","Midfielder","29","2","139",NA,"2",NA,NA,NA,NA,"0","0","87","98","0","2","4",NA,NA,"29.7","16.2","0","0",NA,NA
"290","Renato Sanches","Portugal","LOSC","Midfielder","23","4","220",NA,"4",NA,NA,NA,NA,"0","0","178","193","0","0","10",NA,NA,"29","24.8","4","0",NA,NA
"291","Rúben Neves","Portugal","Wolves","Midfielder","24","1","18",NA,"0",NA,NA,NA,NA,"0","0","9","9","0","0","2",NA,NA,"25.2","2.6","0","0",NA,NA
"292","Sérgio Oliveira","Portugal","Porto","Midfielder","29","2","14",NA,"2",NA,NA,NA,NA,"0","0","17","22","0","1","0",NA,NA,"22.5","3.2","0","0",NA,NA
"293","João Palhinha","Portugal","Sporting CP","Midfielder","25","2","123",NA,"2",NA,NA,NA,NA,"1","0","57","61","0","9","8",NA,NA,"28.1","13.9","5","0",NA,NA
"294","Cristiano Ronaldo","Portugal","Juventus","Forward","36","4","360",NA,"0",NA,NA,NA,NA,"0","0","113","130","5",NA,NA,NA,NA,"29.7",NA,"16","1","8","9"
"295","André Silva","Portugal","Frankfurt","Forward","25","3","36",NA,"0",NA,NA,NA,NA,"0","0","9","10","0",NA,NA,NA,NA,"30.4",NA,"3","0","1","0"
"296","Rafa Silva","Portugal","Benfica","Forward","28","2","51",NA,"1",NA,NA,NA,NA,"0","0","31","37","0",NA,NA,NA,NA,"32.8",NA,"0","2","0","3"
"297","Diogo Jota","Portugal","Liverpool","Forward","24","4","324",NA,"4",NA,NA,NA,NA,"0","0","92","115","1",NA,NA,NA,NA,"31.7",NA,"8","1","3","5"
"298","João Félix","Portugal","Atlético","Forward","21","1","35",NA,"0",NA,NA,NA,NA,"0","0","17","21","0",NA,NA,NA,NA,"30.4",NA,"3","0","1","2"
"299","Robin Olsen","Sweden","Roma","Goalkeeper","31","4","390","12","0","4","18","3","2","0","0","55","114",NA,NA,NA,NA,NA,NA,NA,NA,NA,NA,NA
"300","Mikael Lustig","Sweden","AIK","Defender","34","4","316",NA,"3",NA,NA,NA,NA,"1","0","106","152","0","2","10","8","3","31","35.1",NA,NA,NA,NA
"301","Victor Lindelöf","Sweden","Man. United","Defender","26","4","390",NA,"0",NA,NA,NA,NA,"0","0","190","207","0","0","25","15","4","29.2","41.9",NA,NA,NA,NA
"302","Pierre Bengtsson","Sweden","Copenhagen","Defender","33","3","45",NA,"1",NA,NA,NA,NA,"0","0","7","12","0","0","2","3","0","30.6","7.2",NA,NA,NA,NA
"303","Ludwig Augustinsson","Sweden","Bremen","Defender","27","4","351",NA,"2",NA,NA,NA,NA,"0","0","63","101","0","1","17","12","0","29.2","40.2",NA,NA,NA,NA
"304","Filip Helander","Sweden","Rangers","Defender","28","1","19",NA,"1",NA,NA,NA,NA,"0","0","3","3","0","0","2","1","0","22","2.3",NA,NA,NA,NA
"305","Emil Krafth","Sweden","Newcastle","Defender","26","4","75",NA,"1",NA,NA,NA,NA,"0","0","13","20","0","0","1","2","2","28.6","9.5",NA,NA,NA,NA
"306","Marcus Danielson","Sweden","Dalian Pro","Defender","32","4","368",NA,"3",NA,NA,NA,NA,"1","1","134","157","0","4","25","27","2","28.6","40.4",NA,NA,NA,NA
"307","Sebastian Larsson","Sweden","AIK","Midfielder","36","4","367",NA,"3",NA,NA,NA,NA,"0","0","94","120","0","6","16",NA,NA,"29.7","44.4","4","0",NA,NA
"308","Albin Ekdal","Sweden","Sampdoria","Midfielder","31","4","388",NA,"9",NA,NA,NA,NA,"0","0","121","137","0","8","24",NA,NA,"27.7","47.2","2","0",NA,NA
"309","Emil Forsberg","Sweden","Leipzig","Midfielder","29","4","371",NA,"5",NA,NA,NA,NA,"1","0","120","147","4","2","7",NA,NA,"29","41.4","14","0",NA,NA
"310","Gustav Svensson","Sweden","Guangzhou","Midfielder","34","1","2",NA,"0",NA,NA,NA,NA,"0","0","0","0","0","0","0",NA,NA,"19.7","0.9","0","0",NA,NA
"311","Viktor Claesson","Sweden","Krasnodar","Midfielder","29","4","82",NA,"1",NA,NA,NA,NA,"0","0","12","21","1","2","3",NA,NA,"27.9","12.7","2","0",NA,NA
"312","Kristoffer Olsson","Sweden","Krasnodar","Midfielder","26","4","339",NA,"4",NA,NA,NA,NA,"1","0","135","163","0","6","8",NA,NA,"29.9","42","1","0",NA,NA
"313","Dejan Kulusevski","Sweden","Juventus","Midfielder","21","2","132",NA,"2",NA,NA,NA,NA,"1","0","33","42","0","2","3",NA,NA,"29.2","17","3","2",NA,NA
"314","Robin Quaison","Sweden","Mainz","Midfielder","27","4","125",NA,"6",NA,NA,NA,NA,"0","0","8","18","0","2","1",NA,NA,"29","16.1","1","0",NA,NA
"315","Jens-Lys Cajuste","Sweden","Midtjylland","Midfielder","21","1","6",NA,"0",NA,NA,NA,NA,"0","0","1","2","0","1","1",NA,NA,"24.8","1.8","0","0",NA,NA
"316","Marcus Berg","Sweden","Krasnodar","Forward","34","4","178",NA,"6",NA,NA,NA,NA,"0","0","24","40","0",NA,NA,NA,NA,"28.6",NA,"2","0","0","3"
"317","Alexander Isak","Sweden","Real Sociedad","Forward","21","4","324",NA,"4",NA,NA,NA,NA,"0","0","53","66","0",NA,NA,NA,NA,"32",NA,"7","1","1","1"
"318","Danny Ward","Wales","Leicester","Goalkeeper","28","4","360","18","0","6","10","1","1","0","0","74","118",NA,NA,NA,NA,NA,NA,NA,NA,NA,NA,NA
"319","Chris Gunter","Wales","Charlton","Defender","31","1","90",NA,"2",NA,NA,NA,NA,"1","0","23","27","0","2","1","4","0","27.9","8.7",NA,NA,NA,NA
"320","Neco Williams","Wales","Liverpool","Defender","20","3","137",NA,"0",NA,NA,NA,NA,"0","0","52","64","0","2","3","2","0","29.7","14.5",NA,NA,NA,NA
"321","Ben Davies","Wales","Tottenham","Defender","28","4","274",NA,"3",NA,NA,NA,NA,"1","0","71","98","0","3","15","9","5","27.7","28.4",NA,NA,NA,NA
"322","Joe Rodon","Wales","Tottenham","Defender","23","4","360",NA,"2",NA,NA,NA,NA,"1","0","107","125","0","1","19","18","5","31.5","35.8",NA,NA,NA,NA
"323","Connor Roberts","Wales","Swansea","Defender","25","4","310",NA,"0",NA,NA,NA,NA,"0","0","82","99","1","0","14","7","3","32.8","34.2",NA,NA,NA,NA
"324","Ethan Ampadu","Wales","Chelsea","Defender","20","3","73",NA,"2",NA,NA,NA,NA,"0","1","28","32","0","4","4","2","0","25.4","8.3",NA,NA,NA,NA
"325","Chris Mepham","Wales","Bournemouth","Defender","23","3","270",NA,"2",NA,NA,NA,NA,"1","0","78","92","0","7","24","11","3","30.4","25.9",NA,NA,NA,NA
"326","Joe Allen","Wales","Stoke","Midfielder","31","4","339",NA,"5",NA,NA,NA,NA,"1","0","118","133","0","6","11",NA,NA,"29.2","38.2","2","0",NA,NA
"327","Harry Wilson","Wales","Liverpool","Midfielder","24","3","52",NA,"1",NA,NA,NA,NA,"0","1","12","15","0","1","2",NA,NA,"29.2","6.6","1","0",NA,NA
"328","Aaron Ramsey","Wales","Juventus","Midfielder","30","4","354",NA,"5",NA,NA,NA,NA,"0","0","130","158","1","4","12",NA,NA,"29.7","42","7","0",NA,NA
"329","Joe Morrell","Wales","Luton","Midfielder","24","4","299",NA,"4",NA,NA,NA,NA,"0","0","100","114","0","6","17",NA,NA,"27.9","34.3","1","1",NA,NA
"330","David Brooks","Wales","Bournemouth","Midfielder","23","3","31",NA,"1",NA,NA,NA,NA,"1","0","6","9","0","1","0",NA,NA,"27.7","4.1","0","0",NA,NA
"331","Daniel James","Wales","Man. United","Midfielder","23","4","316",NA,"2",NA,NA,NA,NA,"0","0","54","68","0","5","6",NA,NA,"33.5","31.6","4","0",NA,NA
"332","Dylan Levitt","Wales","Man. United","Midfielder","20","1","4",NA,"0",NA,NA,NA,NA,"0","0","0","0","0","0","0",NA,NA,"23.6","0.9","0","0",NA,NA
"333","Tyler Roberts","Wales","Leeds","Forward","22","1","12",NA,"0",NA,NA,NA,NA,"0","0","6","6","0",NA,NA,NA,NA,"24.3",NA,"0","0","0","0"
"334","Gareth Bale","Wales","Real Madrid","Forward","31","4","356",NA,"3",NA,NA,NA,NA,"1","0","66","94","0",NA,NA,NA,NA,"32",NA,"9","2","2","6"
"335","Kieffer Moore","Wales","Cardiff","Forward","28","4","288",NA,"5",NA,NA,NA,NA,"2","0","29","47","1",NA,NA,NA,NA,"32.2",NA,"7","0","2","9"
"336","Lukas Hradecky","Finland","Leverkusen","Goalkeeper","31","3","270","14","0","3","14","1","1","0","0","67","113",NA,NA,NA,NA,NA,NA,NA,NA,NA,NA,NA
"337","Paulus Arajuuri","Finland","Pafos","Defender","33","3","270",NA,"2",NA,NA,NA,NA,"0","0","78","85","0","6","17","16","6","27.2","26.7",NA,NA,NA,NA
"338","Daniel O'Shaughnessy","Finland","HJK","Defender","26","3","270",NA,"1",NA,NA,NA,NA,"1","0","105","129","0","2","15","14","3","28.8","28.5",NA,NA,NA,NA
"339","Joona Toivio","Finland","Häcken","Defender","33","3","265",NA,"0",NA,NA,NA,NA,"0","0","89","110","0","5","17","16","1","28.6","27.2",NA,NA,NA,NA
"340","Leo Väisänen","Finland","Elfsborg","Defender","23","1","1",NA,"0",NA,NA,NA,NA,"0","0","0","0","0","0","0","0","0","17.7","0.5",NA,NA,NA,NA
"341","Jere Uronen","Finland","Genk","Defender","26","3","250",NA,"2",NA,NA,NA,NA,"0","0","76","91","0","2","11","13","0","29.7","28.2",NA,NA,NA,NA
"342","Jukka Raitala","Finland","Minnesota","Defender","32","3","254",NA,"5",NA,NA,NA,NA,"0","0","61","78","0","6","5","9","2","31.5","25.9",NA,NA,NA,NA
"343","Glen Kamara","Finland","Rangers","Midfielder","25","3","270",NA,"3",NA,NA,NA,NA,"1","0","151","164","0","4","13",NA,NA,"29.9","29.3","1","0",NA,NA
"344","Robin Lod","Finland","Minnesota","Midfielder","28","3","269",NA,"3",NA,NA,NA,NA,"1","0","79","103","0","2","11",NA,NA,"29.7","32.6","2","0",NA,NA
"345","Fredrik Jensen","Finland","Augsburg","Midfielder","23","2","6",NA,"0",NA,NA,NA,NA,"0","0","1","1","0","0","0",NA,NA,"25.4","1.8","0","0",NA,NA
"346","Rasmus Schüller","Finland","Djurgården","Midfielder","30","3","112",NA,"1",NA,NA,NA,NA,"0","0","43","55","0","7","17",NA,NA,"25.4","15.8","0","0",NA,NA
"347","Pyry Soiri","Finland","Esbjerg","Midfielder","26","1","15",NA,"0",NA,NA,NA,NA,"0","0","10","10","0","0","3",NA,NA,"24.5","2.4","0","0",NA,NA
"348","Tim Sparv","Finland","Larissa","Midfielder","34","2","135",NA,"2",NA,NA,NA,NA,"1","0","60","67","0","2","7",NA,NA,"28.1","16.2","0","0",NA,NA
"349","Nikolai Alho","Finland","MTK","Midfielder","28","1","20",NA,"0",NA,NA,NA,NA,"0","0","5","8","0","0","1",NA,NA,"23.6","2.6","1","0",NA,NA
"350","Joni Kauko","Finland","Esbjerg","Midfielder","30","3","57",NA,"2",NA,NA,NA,NA,"0","0","23","29","0","0","0",NA,NA,"25","7.9","2","0",NA,NA
"351","Teemu Pukki","Finland","Norwich","Forward","31","3","240",NA,"4",NA,NA,NA,NA,"0","0","35","47","0",NA,NA,NA,NA,"33.3",NA,"4","0","1","2"
"352","Joel Pohjanpalo","Finland","Leverkusen","Forward","26","3","244",NA,"4",NA,NA,NA,NA,"0","0","31","50","1",NA,NA,NA,NA,"28.8",NA,"7","0","1","2"
"353","Lassi Lappalainen","Finland","Montreal","Forward","22","1","15",NA,"0",NA,NA,NA,NA,"0","0","3","4","0",NA,NA,NA,NA,"32.2",NA,"0","0","0","0"
"354","Marcus Forss","Finland","Brentford","Forward","22","2","7",NA,"1",NA,NA,NA,NA,"0","0","0","2","0",NA,NA,NA,NA,"27.7",NA,"0","0","0","0"
"355","Péter Gulácsi","Hungary","Leipzig","Goalkeeper","31","3","270","11","0","6","7","3","0","0","0","77","94",NA,NA,NA,NA,NA,NA,NA,NA,NA,NA,NA
"356","Attila Szalai","Hungary","Fenerbahçe","Defender","23","3","270",NA,"3",NA,NA,NA,NA,"0","0","101","129","0","2","17","12","0","31.3","29.1",NA,NA,NA,NA
"357","Attila Fiola","Hungary","Fehérvár","Defender","31","3","266",NA,"9",NA,NA,NA,NA,"1","0","51","68","1","11","19","6","1","31.5","29.1",NA,NA,NA,NA
"358","Willi Orbán","Hungary","Leipzig","Defender","28","3","270",NA,"1",NA,NA,NA,NA,"1","0","81","96","0","3","15","11","2","28.8","27.7",NA,NA,NA,NA
"359","Loïc Négo","Hungary","Fehérvár","Defender","30","3","205",NA,"2",NA,NA,NA,NA,"1","0","42","56","0","3","6","2","0","33.8","23.8",NA,NA,NA,NA
"360","Gergő Lovrencsics","Hungary","Ferencváros","Defender","32","3","98",NA,"1",NA,NA,NA,NA,"0","0","23","33","0","2","5","6","0","29.7","11.7",NA,NA,NA,NA
"361","Endre Botka","Hungary","Ferencváros","Defender","26","3","270",NA,"4",NA,NA,NA,NA,"2","0","49","71","0","11","18","10","1","31.5","27.4",NA,NA,NA,NA
"362","Ádám Nagy","Hungary","Bristol City","Midfielder","26","3","268",NA,"2",NA,NA,NA,NA,"0","0","99","120","0","4","24",NA,NA,"28.1","34.8","0","0",NA,NA
"363","Tamás Cseri","Hungary","Mezőkövesd","Midfielder","33","1","15",NA,"0",NA,NA,NA,NA,"0","0","1","1","0","1","1",NA,NA,"25.6","2.3","0","0",NA,NA
"364","András Schäfer","Hungary","Dunajská Streda","Midfielder","22","3","230",NA,"4",NA,NA,NA,NA,"0","0","57","65","1","7","12",NA,NA,"29.9","30.4","2","0",NA,NA
"365","László Kleinheisler","Hungary","Osijek","Midfielder","27","3","250",NA,"1",NA,NA,NA,NA,"0","0","51","69","0","5","14",NA,NA,"30.8","27.8","1","0",NA,NA
"366","Roland Varga","Hungary","MTK","Midfielder","31","1","2",NA,"0",NA,NA,NA,NA,"0","0","1","3","0","0","0",NA,NA,"23.8","0.2","0","0",NA,NA
"367","Dávid Sigér","Hungary","Ferencváros","Midfielder","30","1","12",NA,"0",NA,NA,NA,NA,"0","0","4","6","0","0","1",NA,NA,"25","2.1","0","0",NA,NA
"368","Kevin Varga","Hungary","Kasımpaşa","Midfielder","25","2","10",NA,"0",NA,NA,NA,NA,"0","0","3","4","0","0","1",NA,NA,"26.3","2.3","0","0",NA,NA
"369","Ádám Szalai","Hungary","Mainz","Forward","33","3","198",NA,"4",NA,NA,NA,NA,"1","0","25","39","1",NA,NA,NA,NA,"26.1",NA,"5","1","4","7"
"370","Roland Sallai","Hungary","Freiburg","Forward","24","3","242",NA,"5",NA,NA,NA,NA,"0","0","37","49","0",NA,NA,NA,NA,"29.2",NA,"8","2","3","8"
"371","Nemanja Nikolić","Hungary","Fehérvár","Forward","33","2","66",NA,"1",NA,NA,NA,NA,"0","0","13","17","0",NA,NA,NA,NA,"29",NA,"0","0","0","0"
"372","Szabolcs Schön","Hungary","FC Dallas","Forward","20","2","28",NA,"0",NA,NA,NA,NA,"0","0","5","6","0",NA,NA,NA,NA,"27.4",NA,"0","0","0","0"
"373","Stole Dimitrievski","North Macedonia","Rayo Vallecano","Goalkeeper","27","3","270","14","0","8","9","9","0","0","0","74","98",NA,NA,NA,NA,NA,NA,NA,NA,NA,NA,NA
"374","Egzon Bejtulai","North Macedonia","Shkëndija","Defender","27","1","27",NA,"0",NA,NA,NA,NA,"0","0","4","9","0","0","0","0","0","30.2","3.3",NA,NA,NA,NA
"375","Kire Ristevski","North Macedonia","Újpest","Defender","30","1","5",NA,"0",NA,NA,NA,NA,"0","0","7","7","0","0","1","0","0","21.8","1.2",NA,NA,NA,NA
"376","Visar Musliu","North Macedonia","Fehérvár","Defender","26","3","266",NA,"5",NA,NA,NA,NA,"1","0","101","111","0","2","22","4","2","29.9","27.6",NA,NA,NA,NA
"377","Stefan Ristovski","North Macedonia","Dinamo Zagreb","Defender","29","3","270",NA,"3",NA,NA,NA,NA,"1","0","115","143","0","3","20","11","0","30.2","30.5",NA,NA,NA,NA
"378","Darko Velkoski","North Macedonia","Rijeka","Defender","26","3","265",NA,"4",NA,NA,NA,NA,"1","0","109","129","0","7","22","8","4","27.9","26.6",NA,NA,NA,NA
"379","Arijan Ademi","North Macedonia","Dinamo Zagreb","Midfielder","30","3","253",NA,"0",NA,NA,NA,NA,"0","0","94","106","0","2","16",NA,NA,"29.2","27.7","1","0",NA,NA
"380","Ezgjan Alioski","North Macedonia","Leeds","Midfielder","29","3","270",NA,"5",NA,NA,NA,NA,"2","0","94","135","1","6","7",NA,NA,"31","29.9","3","0",NA,NA
"381","Ferhan Hasani","North Macedonia","Partizani","Midfielder","31","1","22",NA,"0",NA,NA,NA,NA,"0","0","6","8","0","1","2",NA,NA,"25.4","3.2","0","0",NA,NA
"382","Tihomir Kostadinov","North Macedonia","Ružomberok","Midfielder","25","2","49",NA,"1",NA,NA,NA,NA,"1","0","15","19","0","4","2",NA,NA,"26.1","7.8","0","0",NA,NA
"383","Boban Nikolov","North Macedonia","Lecce","Midfielder","26","3","120",NA,"0",NA,NA,NA,NA,"0","0","19","29","0","1","3",NA,NA,"31.3","13.2","4","0",NA,NA
"384","Enis Bardi","North Macedonia","Levante","Midfielder","26","3","237",NA,"2",NA,NA,NA,NA,"0","0","96","121","0","3","13",NA,NA,"27.7","27","5","0",NA,NA
"385","Stefan Spirovski","North Macedonia","AEK Larnaca","Midfielder","30","1","45",NA,"1",NA,NA,NA,NA,"0","0","13","14","0","3","3",NA,NA,"26.5","5.2","0","0",NA,NA
"386","Eljif Elmas","North Macedonia","Napoli","Midfielder","21","3","270",NA,"2",NA,NA,NA,NA,"0","0","96","111","0","3","9",NA,NA,"29.9","32","6","0",NA,NA
"387","Darko Churlinov","North Macedonia","Stuttgart","Midfielder","20","2","79",NA,"0",NA,NA,NA,NA,"0","0","12","17","0","0","4",NA,NA,"31.3","10","0","0",NA,NA
"388","Milan Ristovski","North Macedonia","Spartak Trnava","Midfielder","23","1","4",NA,"0",NA,NA,NA,NA,"0","0","2","2","0","0","1",NA,NA,"25.7","0.9","0","0",NA,NA
"389","Ivan Tričkovski","North Macedonia","AEK Larnaca","Forward","34","3","69",NA,"0",NA,NA,NA,NA,"0","0","16","22","0",NA,NA,NA,NA,"27",NA,"0","0","0","1"
"390","Aleksandar Trajkovski","North Macedonia","Mallorca","Forward","28","3","176",NA,"7",NA,NA,NA,NA,"1","0","47","58","0",NA,NA,NA,NA,"29.5",NA,"6","0","2","0"
"391","Goran Pandev","North Macedonia","Genoa","Forward","37","3","248",NA,"1",NA,NA,NA,NA,"0","0","44","67","1",NA,NA,NA,NA,"29.5",NA,"2","0","1","8"
"392","Vlatko Stojanovski","North Macedonia","Chambly","Forward","24","1","12",NA,"0",NA,NA,NA,NA,"0","0","2","2","0",NA,NA,NA,NA,"27",NA,"1","0","0","0"
"393","Daniel Avramovski","North Macedonia","Kayserispor","Forward","26","1","13",NA,"2",NA,NA,NA,NA,"1","0","4","4","0",NA,NA,NA,NA,"27",NA,"1","0","0","1"
"394","Wojciech Szczęsny","Poland","Juventus","Goalkeeper","31","3","270","6","0","6","5","2","0","0","0","40","68",NA,NA,NA,NA,NA,NA,NA,NA,NA,NA,NA
"395","Jan Bednarek","Poland","Southampton","Defender","25","3","265",NA,"1",NA,NA,NA,NA,"0","0","145","161","0","5","18","10","2","29.9","28.2",NA,NA,NA,NA
"396","Maciej Rybus","Poland","Lokomotiv Moskva","Defender","31","1","74",NA,"4",NA,NA,NA,NA,"0","0","31","35","0","1","3","1","1","29.9","8.5",NA,NA,NA,NA
"397","Kamil Glik","Poland","Benevento","Defender","33","3","270",NA,"6",NA,NA,NA,NA,"1","0","125","141","0","5","22","11","1","26.1","27.4",NA,NA,NA,NA
"398","Bartosz Bereszyński","Poland","Sampdoria","Defender","28","3","270",NA,"2",NA,NA,NA,NA,"0","0","145","178","0","6","19","9","1","31.5","29.1",NA,NA,NA,NA
"399","Tymoteusz Puchacz","Poland","Lech","Defender","22","3","151",NA,"2",NA,NA,NA,NA,"0","0","27","43","0","2","10","2","0","31.3","16.1",NA,NA,NA,NA
"400","Paweł Dawidowicz","Poland","Verona","Midfielder","26","1","5",NA,"0",NA,NA,NA,NA,"0","0","1","1","0","0","1",NA,NA,"21.6","1.2","0","0",NA,NA
"401","Kacper Kozłowski","Poland","Pogoń","Midfielder","17","2","52",NA,"1",NA,NA,NA,NA,"0","0","14","17","0","2","3",NA,NA,"27.4","7.8","0","0",NA,NA
"402","Karol Linetty","Poland","Torino","Midfielder","26","2","79",NA,"3",NA,NA,NA,NA,"0","0","25","33","1","3","3",NA,NA,"27.2","10","3","0",NA,NA
"403","Grzegorz Krychowiak","Poland","Lokomotiv Moskva","Midfielder","31","2","140",NA,"4",NA,NA,NA,NA,"3","1","66","87","0","5","7",NA,NA,"30.6","16","4","0",NA,NA
"404","Mateusz Klich","Poland","Leeds","Midfielder","31","3","213",NA,"4",NA,NA,NA,NA,"1","0","82","116","0","3","4",NA,NA,"29.9","25.8","1","0",NA,NA
"405","Jakub Moder","Poland","Brighton","Midfielder","22","2","90",NA,"3",NA,NA,NA,NA,"1","0","19","29","0","2","4",NA,NA,"30.4","11","0","0",NA,NA
"406","Przemysław Płacheta","Poland","Norwich","Midfielder","23","1","12",NA,"0",NA,NA,NA,NA,"0","0","6","9","0","0","0",NA,NA,"24.1","2","1","0",NA,NA
"407","Przemysław Frankowski","Poland","Chicago Fire","Midfielder","26","3","83",NA,"1",NA,NA,NA,NA,"0","0","34","39","0","1","2",NA,NA,"30.2","11.8","0","1",NA,NA
"408","Piotr Zieliński","Poland","Napoli","Midfielder","27","3","265",NA,"4",NA,NA,NA,NA,"0","0","100","123","0","2","13",NA,NA,"28.1","33","7","1",NA,NA
"409","Kamil Jóźwiak","Poland","Derby","Midfielder","23","3","241",NA,"5",NA,NA,NA,NA,"1","0","84","111","0","7","13",NA,NA,"31.7","25.9","0","1",NA,NA
"410","Robert Lewandowski","Poland","Bayern","Forward","32","3","270",NA,"5",NA,NA,NA,NA,"1","0","44","66","3",NA,NA,NA,NA,"31.3",NA,"12","0","4","3"
"411","Karol Świderski","Poland","PAOK","Forward","24","3","163",NA,"0",NA,NA,NA,NA,"0","0","24","34","0",NA,NA,NA,NA,"28.1",NA,"5","0","1","2"
"412","Jakub Świerczok","Poland","Ludogorets","Forward","28","1","29",NA,"1",NA,NA,NA,NA,"0","0","6","8","0",NA,NA,NA,NA,"26.5",NA,"1","0","0","0"
"413","Anton Shunin","Russia","Dynamo Moscow","Goalkeeper","34","1","90","1","0","3","2","2","0","0","0","17","27",NA,NA,NA,NA,NA,NA,NA,NA,NA,NA,NA
"414","Matvei Safonov","Russia","Krasnodar","Goalkeeper","22","2","180","7","0","4","8","3","1","0","0","37","51",NA,NA,NA,NA,NA,NA,NA,NA,NA,NA,NA
"415","Mário Fernandes","Russia","CSKA Moskva","Defender","30","3","206",NA,"0",NA,NA,NA,NA,"0","0","47","59","0","7","12","2","0","29.5","23.2",NA,NA,NA,NA
"416","Igor Diveev","Russia","CSKA Moskva","Defender","21","3","225",NA,"3",NA,NA,NA,NA,"1","0","99","124","0","3","20","15","5","28.8","24.5",NA,NA,NA,NA
"417","Vyacheslav Karavaev","Russia","Zenit","Defender","26","3","134",NA,"0",NA,NA,NA,NA,"0","0","38","50","0","0","8","3","0","32.2","18.5",NA,NA,NA,NA
"418","Andrei Semenov","Russia","Akhmat","Defender","32","1","90",NA,"0",NA,NA,NA,NA,"0","0","44","54","0","0","9","1","1","30.2","9.9",NA,NA,NA,NA
"419","Fedor Kudryashov","Russia","Antalyaspor","Defender","34","1","67",NA,"3",NA,NA,NA,NA,"1","0","15","19","0","0","7","0","0","25.4","6.6",NA,NA,NA,NA
"420","Georgi Dzhikiya","Russia","Spartak Moskva","Defender","27","3","270",NA,"2",NA,NA,NA,NA,"1","0","115","127","0","4","8","8","3","27.9","27",NA,NA,NA,NA
"421","Denis Cheryshev","Russia","Valencia","Midfielder","30","1","34",NA,"1",NA,NA,NA,NA,"0","0","2","3","0","1","2",NA,NA,"27.4","5","0","0",NA,NA
"422","Magomed Ozdoev","Russia","Zenit","Midfielder","28","3","212",NA,"4",NA,NA,NA,NA,"1","0","76","97","0","8","13",NA,NA,"29.5","27.7","4","0",NA,NA
"423","Dmitri Barinov","Russia","Lokomotiv Moskva","Midfielder","24","2","135",NA,"3",NA,NA,NA,NA,"1","0","83","102","0","5","10",NA,NA,"31","16.4","0","0",NA,NA
"424","Roman Zobnin","Russia","Spartak Moskva","Midfielder","27","3","243",NA,"5",NA,NA,NA,NA,"0","0","94","119","0","8","21",NA,NA,"29.5","30.8","3","0",NA,NA
"425","Aleksei Miranchuk","Russia","Atalanta","Midfielder","25","3","173",NA,"0",NA,NA,NA,NA,"0","0","47","57","1","1","5",NA,NA,"29.5","20.6","2","0",NA,NA
"426","Aleksandr Golovin","Russia","Monaco","Midfielder","25","3","270",NA,"4",NA,NA,NA,NA,"0","0","99","128","0","2","8",NA,NA,"31.3","36","5","0",NA,NA
"427","Yuri Zhirkov","Russia","Zenit","Midfielder","37","1","43",NA,"0",NA,NA,NA,NA,"0","0","14","17","0","0","1",NA,NA,"28.6","4.5","0","0",NA,NA
"428","Rifat Zhemaletdinov","Russia","Lokomotiv Moskva","Midfielder","24","2","58",NA,"0",NA,NA,NA,NA,"0","0","15","20","0","1","2",NA,NA,"31.7","7.4","2","0",NA,NA
"429","Daler Kuzyaev","Russia","Zenit","Midfielder","28","3","186",NA,"2",NA,NA,NA,NA,"0","0","81","99","0","1","11",NA,NA,"29","22.8","1","0",NA,NA
"430","Maksim Mukhin","Russia","Lokomotiv Moskva","Midfielder","19","3","55",NA,"2",NA,NA,NA,NA,"0","0","15","20","0","2","2",NA,NA,"30.4","8.2","0","0",NA,NA
"431","Aleksandr Sobolev","Russia","Spartak Moskva","Forward","24","2","35",NA,"1",NA,NA,NA,NA,"0","0","8","12","0",NA,NA,NA,NA,"24.8",NA,"0","0","0","2"
"432","Artem Dzyuba","Russia","Zenit","Forward","32","3","265",NA,"8",NA,NA,NA,NA,"0","0","46","79","1",NA,NA,NA,NA,"30.2",NA,"5","1","2","3"
"433","David Marshall","Scotland","Derby","Goalkeeper","36","3","270","10","0","5","7","0","1","0","0","61","105",NA,NA,NA,NA,NA,NA,NA,NA,NA,NA,NA
"434","Stephen O'Donnell","Scotland","Motherwell","Defender","29","3","253",NA,"4",NA,NA,NA,NA,"1","0","59","81","0","6","5","6","0","31.7","29.2",NA,NA,NA,NA
"435","Andrew Robertson","Scotland","Liverpool","Defender","27","3","270",NA,"4",NA,NA,NA,NA,"0","0","105","134","0","2","13","5","0","32","28.9",NA,NA,NA,NA
"436","Grant Hanley","Scotland","Norwich","Defender","29","3","213",NA,"1",NA,NA,NA,NA,"0","0","95","106","0","4","21","6","3","32.2","22",NA,NA,NA,NA
"437","Kieran Tierney","Scotland","Arsenal","Defender","24","2","180",NA,"1",NA,NA,NA,NA,"0","0","70","84","0","1","5","7","0","29.5","18.9",NA,NA,NA,NA
"438","Liam Cooper","Scotland","Leeds","Defender","29","1","90",NA,"0",NA,NA,NA,NA,"0","0","63","80","0","1","12","2","0","28.4","9.8",NA,NA,NA,NA
"439","Nathan Patterson","Scotland","Rangers","Defender","19","1","6",NA,"0",NA,NA,NA,NA,"0","0","7","8","0","0","1","0","0","23.9","1.3",NA,NA,NA,NA
"440","Jack Hendry","Scotland","Celtic","Defender","26","1","67",NA,"0",NA,NA,NA,NA,"0","0","20","24","0","0","3","1","0","28.1","7.2",NA,NA,NA,NA
"441","Scott McKenna","Scotland","Nottm Forest","Defender","24","1","57",NA,"1",NA,NA,NA,NA,"1","0","14","18","0","1","3","1","0","27","6.6",NA,NA,NA,NA
"442","Scott McTominay","Scotland","Man. United","Midfielder","24","3","270",NA,"1",NA,NA,NA,NA,"0","0","107","122","0","3","15",NA,NA,"32.2","32.1","4","0",NA,NA
"443","John McGinn","Scotland","Aston Villa","Midfielder","26","3","270",NA,"3",NA,NA,NA,NA,"1","0","73","88","0","5","16",NA,NA,"28.1","31.4","7","0",NA,NA
"444","Callum McGregor","Scotland","Celtic","Midfielder","28","3","203",NA,"1",NA,NA,NA,NA,"0","0","84","92","1","4","11",NA,NA,"29","26.9","2","0",NA,NA
"445","Ryan Christie","Scotland","Celtic","Midfielder","26","1","45",NA,"0",NA,NA,NA,NA,"0","0","10","13","0","0","0",NA,NA,"27.9","5.5","0","0",NA,NA
"446","Stuart Armstrong","Scotland","Southampton","Midfielder","29","3","151",NA,"2",NA,NA,NA,NA,"0","0","48","59","0","2","6",NA,NA,"29","19.2","2","0",NA,NA
"447","Ryan Fraser","Scotland","Newcastle","Midfielder","27","2","43",NA,"0",NA,NA,NA,NA,"0","0","13","17","0","0","0",NA,NA,"26.8","5.5","3","0",NA,NA
"448","Billy Gilmour","Scotland","Chelsea","Midfielder","20","1","76",NA,"2",NA,NA,NA,NA,"0","0","42","47","0","1","4",NA,NA,"27.9","9.3","0","0",NA,NA
"449","James Forrest","Scotland","Celtic","Midfielder","30","1","11",NA,"0",NA,NA,NA,NA,"0","0","3","5","0","0","0",NA,NA,"27","2","1","0",NA,NA
"450","Lyndon Dykes","Scotland","QPR","Forward","25","3","259",NA,"4",NA,NA,NA,NA,"0","0","19","41","0",NA,NA,NA,NA,"29.9",NA,"6","0","2","2"
"451","Ché Adams","Scotland","Southampton","Forward","24","3","215",NA,"3",NA,NA,NA,NA,"0","0","44","53","0",NA,NA,NA,NA,"31.3",NA,"7","0","1","1"
"452","Kevin Nisbet","Scotland","Hibernian","Forward","24","3","21",NA,"1",NA,NA,NA,NA,"0","0","4","7","0",NA,NA,NA,NA,"25",NA,"2","0","1","0"
"453","Martin Dúbravka","Slovakia","Newcastle","Goalkeeper","32","3","270","11","1","7","12","3","0","1","0","81","116",NA,NA,NA,NA,NA,NA,NA,NA,NA,NA,NA
"454","Peter Pekarík","Slovakia","Hertha","Defender","34","3","233",NA,"2",NA,NA,NA,NA,"0","0","111","128","0","1","10","4","1","29.2","24.9",NA,NA,NA,NA
"455","Ľubomír Šatka","Slovakia","Lech","Defender","25","3","270",NA,"0",NA,NA,NA,NA,"0","0","187","198","0","2","17","10","0","29.5","24.7",NA,NA,NA,NA
"456","Milan Škriniar","Slovakia","Internazionale","Defender","26","3","270",NA,"3",NA,NA,NA,NA,"1","0","158","170","1","3","15","15","5","28.4","26.5",NA,NA,NA,NA
"457","Tomáš Hubočan","Slovakia","Omonoia","Defender","35","3","264",NA,"5",NA,NA,NA,NA,"1","0","98","115","0","6","8","10","1","30.8","27.2",NA,NA,NA,NA
"458","Dávid Hancko","Slovakia","Sparta Praha","Defender","23","1","6",NA,"0",NA,NA,NA,NA,"0","0","6","8","0","1","2","0","0","28.6","1.4",NA,NA,NA,NA
"459","Martin Koscelník","Slovakia","Liberec","Defender","26","2","101",NA,"2",NA,NA,NA,NA,"0","0","31","37","0","2","7","0","0","29.7","11.3",NA,NA,NA,NA
"460","Ján Greguš","Slovakia","Minnesota","Midfielder","30","1","1",NA,"1",NA,NA,NA,NA,"0","0","2","2","0","0","0",NA,NA,"24.1","0.5","0","0",NA,NA
"461","Vladimír Weiss","Slovakia","Slovan Bratislava","Midfielder","31","2","34",NA,"1",NA,NA,NA,NA,"1","0","20","22","0","1","1",NA,NA,"23.9","4.7","1","0",NA,NA
"462","Ondrej Duda","Slovakia","Köln","Midfielder","26","3","224",NA,"4",NA,NA,NA,NA,"2","0","66","84","0","5","3",NA,NA,"28.8","28.5","2","0",NA,NA
"463","Tomáš Suslov","Slovakia","Groningen","Midfielder","19","2","24",NA,"0",NA,NA,NA,NA,"0","0","7","8","0","0","1",NA,NA,"26.6","3.9","0","0",NA,NA
"464","László Bénes","Slovakia","Mönchengladbach","Midfielder","23","2","14",NA,"0",NA,NA,NA,NA,"0","0","11","13","0","0","1",NA,NA,"25.7","3.2","0","0",NA,NA
"465","Patrik Hrošovský","Slovakia","Genk","Midfielder","29","2","95",NA,"0",NA,NA,NA,NA,"0","0","45","53","0","0","2",NA,NA,"26.1","11.2","0","0",NA,NA
"466","Marek Hamšík","Slovakia","Göteborg","Midfielder","33","3","256",NA,"0",NA,NA,NA,NA,"0","0","137","154","0","2","6",NA,NA,"27.7","31.2","4","1",NA,NA
"467","Lukáš Haraslín","Slovakia","Sassuolo","Midfielder","25","3","182",NA,"1",NA,NA,NA,NA,"0","0","29","36","0","2","8",NA,NA,"30.6","19.1","3","0",NA,NA
"468","Juraj Kucka","Slovakia","Parma","Midfielder","34","3","270",NA,"10",NA,NA,NA,NA,"0","0","87","121","0","7","15",NA,NA,"29.9","32","5","0",NA,NA
"469","Róbert Mak","Slovakia","Ferencváros","Midfielder","30","3","233",NA,"0",NA,NA,NA,NA,"0","0","49","62","0","2","2",NA,NA,"29.2","25.1","1","1",NA,NA
"470","Stanislav Lobotka","Slovakia","Napoli","Midfielder","26","1","45",NA,"1",NA,NA,NA,NA,"0","0","25","26","0","1","0",NA,NA,"20.8","5.3","0","0",NA,NA
"471","Jakub Hromada","Slovakia","Slavia Praha","Midfielder","25","2","124",NA,"3",NA,NA,NA,NA,"0","0","28","37","0","6","6",NA,NA,"26.5","15.4","0","0",NA,NA
"472","Michal Ďuriš","Slovakia","Omonoia","Forward","33","3","54",NA,"0",NA,NA,NA,NA,"0","0","13","13","0",NA,NA,NA,NA,"27.2",NA,"2","0","0","0"
"473","Uğurcan Çakır","Turkey","Trabzonspor","Goalkeeper","25","3","270","18","0","8","12","3","0","0","0","70","103",NA,NA,NA,NA,NA,NA,NA,NA,NA,NA,NA
"474","Zeki Çelik","Turkey","LOSC","Defender","24","3","270",NA,"6",NA,NA,NA,NA,"1","0","114","137","0","5","16","2","1","31.5","30.7",NA,NA,NA,NA
"475","Merih Demiral","Turkey","Juventus","Defender","23","3","225",NA,"1",NA,NA,NA,NA,"0","0","118","133","0","1","16","16","2","29.7","24.1",NA,NA,NA,NA
"476","Çağlar Söyüncü","Turkey","Leicester","Defender","25","3","270",NA,"6",NA,NA,NA,NA,"2","0","167","179","0","4","15","6","5","32","27.8",NA,NA,NA,NA
"477","Umut Meraş","Turkey","Le Havre","Defender","25","2","162",NA,"2",NA,NA,NA,NA,"0","0","56","65","0","2","10","2","0","30.2","16.6",NA,NA,NA,NA
"478","Kaan Ayhan","Turkey","Sassuolo","Defender","26","3","179",NA,"2",NA,NA,NA,NA,"0","0","119","132","0","2","6","5","0","30.4","20",NA,NA,NA,NA
"479","Mert Müldür","Turkey","Sassuolo","Defender","22","2","108",NA,"1",NA,NA,NA,NA,"0","0","46","54","0","1","5","4","0","32.4","12.6",NA,NA,NA,NA
"480","Okay Yokuşlu","Turkey","Celta","Midfielder","27","3","137",NA,"1",NA,NA,NA,NA,"0","0","64","69","0","4","12",NA,NA,"27.2","16.2","0","0",NA,NA
"481","Ozan Tufan","Turkey","Fenerbahçe","Midfielder","26","3","172",NA,"1",NA,NA,NA,NA,"0","0","78","86","0","1","7",NA,NA,"30.8","19.8","2","0",NA,NA
"482","Dorukhan Toköz","Turkey","Beşiktaş","Midfielder","25","1","4",NA,"1",NA,NA,NA,NA,"0","0","2","3","0","0","1",NA,NA,"29.5","1","0","0",NA,NA
"483","Hakan Çalhanoğlu","Turkey","Milan","Midfielder","27","3","266",NA,"7",NA,NA,NA,NA,"2","0","117","142","0","6","5",NA,NA,"31.3","30.3","1","1",NA,NA
"484","Orkun Kökçü","Turkey","Feyenoord","Midfielder","20","1","10",NA,"0",NA,NA,NA,NA,"0","0","4","5","0","0","0",NA,NA,"28.8","1.6","0","0",NA,NA
"485","İrfan Can Kahveci","Turkey","Fenerbahçe","Midfielder","25","3","112",NA,"4",NA,NA,NA,NA,"0","0","54","70","1","2","6",NA,NA,"31.3","13.6","2","0",NA,NA
"486","Halil Dervişoğlu","Turkey","Brentford","Midfielder","21","2","29",NA,"2",NA,NA,NA,NA,"1","0","3","5","0","2","0",NA,NA,"23.2","4.1","1","0",NA,NA
"487","Cengiz Ünder","Turkey","Roma","Forward","23","3","208",NA,"3",NA,NA,NA,NA,"0","0","53","68","0",NA,NA,NA,NA,"32",NA,"8","0","1","3"
"488","Kenan Karaman","Turkey","Düsseldorf","Forward","27","3","161",NA,"3",NA,NA,NA,NA,"0","0","25","38","0",NA,NA,NA,NA,"28.4",NA,"2","0","0","2"
"489","Yusuf Yazıcı","Turkey","LOSC","Forward","24","3","117",NA,"1",NA,NA,NA,NA,"0","0","49","56","0",NA,NA,NA,NA,"29",NA,"1","0","0","2"
"490","Burak Yılmaz","Turkey","LOSC","Forward","35","3","270",NA,"7",NA,NA,NA,NA,"1","0","48","64","0",NA,NA,NA,NA,"31.5",NA,"9","0","1","2"
